Sentence #0,
Sir,O
vijay,O
block,O
gali,B-LOC
no,I-LOC
vikas,B-LOC
marg,I-LOC
DelhI,B-LOC
110092,B-MISC
ke,O
back,O
galI,I-LOC
meh,O
sever,O
ka,O
pani,O
bhar,O
kar,O
macher,O
ho,O
rahey,O
hey,O
apne,O
taraf,O
se,O
aap,O
ke,O
adesh,O
per,O
petrol,O
dal,O
diya,O
hey,O
per,O
khoi,O
sanitary,O
inspector,O
DURA,O
khoi,O
kam,O
nahi,O
hoo,O
raha,O
hey,O
yeh,O
aap,O
dekhey,O
Sentence #1,
@,O
MCDDelhI,O
In,O
C,O
block,O
in,O
front,O
of,O
gali,B-LOC
no,I-LOC
3,O
""",""",O
Ali,B-LOC
vihar,I-LOC
""",""",O
sarita,B-LOC
vihar,I-LOC
new,B-LOC
DelhI,B-LOC
110076,B-MISC
all,O
drain,O
jam,O
since,O
from,O
last,O
2,B-TIM
day,O
no,O
one,O
responded,O
for,O
that,O
please,O
in,O
in,O
image,O
pic.twitter.com/sxdgbpNoj9,O
Sentence #2,
Consumer,O
number,O
-20875,O
Agency,B-ORG
&,O
service,O
provider,O
named,O
-,O
indane,O
gas,O
agency/japneet,O
enterprises/distributors,O
name,O
rajeev,O
chauhan,O
.,O
My,O
location,O
is,O
http,O
:,O
//h.no,O
778,O
/,O
b,O
block,O
/,O
gali,B-LOC
no,I-LOC
.,O
22/,O
ip,B-LOC
colony/burari/delhi-110084,I-LOC
My,O
contact,O
no,O
.,O
8586847594,O
pic.twitter.com/bYGYf6VIPR,O
Sentence #3,
Thanx,O
for,O
your,O
maha,O
abhiyan,O
Sir,O
.,O
Sir,O
yaha,O
wazirabad,B-LOC
gali,B-LOC
no.9,I-LOC
DelhI,B-LOC
110084,B-MISC
mai,O
bohot,O
buri,O
halat,O
hai,O
naale,O
ka,O
nirman,O
karye,O
adhura,O
hone,O
k,O
karan,O
logon,O
ko,O
asuvidha,O
ho,O
rahi,O
hai,O
plz,O
plz,O
plz,O
Sir,O
kuch,O
kariye,O
apka,O
aam,O
shehri,O
.,O
Sentence #4,
@,O
ManojTiwariMP,O
SEWER,O
block,O
in,O
Gali,B-LOC
ni.1,I-LOC
Narang,I-LOC
Colony,I-LOC
Trinagar,I-LOC
DelhI,B-LOC
no,O
solution,O
even,O
after,O
many,O
complain,O
to,O
DJB,B-ORG
.,O
WHAT,O
ABOUT,O
DelhI,B-LOC
KO,O
DUNIYA,O
KA,O
NO,O
.,O
1,I-LOC
SHAHAR,O
BANAYENGE,O
.,O
ONLY,O
JUMLA,O
.,O
Sentence #5,
@,O
LtGovDelhI,B-LOC
SEWER,O
block,O
in,O
Gali,B-LOC
ni.1,I-LOC
Narang,I-LOC
Colony,I-LOC
Trinagar,I-LOC
DelhI,B-LOC
no,O
solution,O
even,O
after,O
many,O
complain,O
to,O
DJB,B-ORG
.,O
WHAT,O
ABOUT,O
DelhI,B-LOC
KO,O
DUNIYA,O
KA,O
NO,O
.,O
1,I-LOC
SHAHAR,O
BANAYENGE,O
.,O
ONLY,O
JUMLA,O
.,O
Sentence #6,
@,O
LtGovDelhI,B-LOC
SEWER,O
block,O
in,O
Gali,B-LOC
ni.1,I-LOC
Narang,I-LOC
Colony,I-LOC
Trinagar,I-LOC
DelhI,B-LOC
no,O
solution,O
even,O
after,O
many,O
complain,O
to,O
DJB,B-ORG
.,O
WHAT,O
ABOUT,O
DelhI,B-LOC
KO,O
DUNIYA,O
KA,O
NO,O
.,O
1,I-LOC
SHAHAR,O
BANAYENGE,O
.,O
ONLY,O
JUMLA,O
.,O
Sentence #7,
@,O
LtGovDelhI,B-LOC
SEWER,O
block,O
in,O
Gali,B-LOC
ni.1,I-LOC
Narang,I-LOC
Colony,I-LOC
Trinagar,I-LOC
DelhI,B-LOC
no,O
solution,O
even,O
after,O
many,O
complain,O
to,O
DJB,B-ORG
.,O
WHAT,O
ABOUT,O
DelhI,B-LOC
KO,O
DUNIYA,O
KA,O
NO,O
.,O
1,I-LOC
SHAHAR,O
BANAYENGE,O
.,O
ONLY,O
JUMLA,O
.,O
Sentence #8,
@,O
LtGovDelhI,B-LOC
SEWER,O
block,O
in,O
Gali,B-LOC
ni.1,I-LOC
Narang,I-LOC
Colony,I-LOC
Trinagar,I-LOC
DelhI,B-LOC
no,O
solution,O
even,O
after,O
many,O
complain,O
to,O
DJB,B-ORG
.,O
WHAT,O
ABOUT,O
DelhI,B-LOC
KO,O
DUNIYA,O
KA,O
NO,O
.,O
1,I-LOC
SHAHAR,O
BANAYENGE,O
.,O
ONLY,O
JUMLA,O
.,O
Sentence #9,
@,O
LtGovDelhI,B-LOC
SEWER,O
block,O
in,O
Gali,B-LOC
ni.1,I-LOC
Narang,I-LOC
Colony,I-LOC
Trinagar,I-LOC
DelhI,B-LOC
no,O
solution,O
even,O
after,O
many,O
complain,O
to,O
DJB,B-ORG
.,O
WHAT,O
ABOUT,O
DelhI,B-LOC
KO,O
DUNIYA,O
KA,O
NO,O
.,O
1,I-LOC
SHAHAR,O
BANAYENGE,O
.,O
ONLY,O
JUMLA,O
.,O
Sentence #10,
@,O
bsesDelhI,O
St,O
.,O
Lights,O
not,O
working,O
""",""",O
Shalesh,B-PER
Kumar,I-PER
Add,O
:,O
-,O
Jain,B-LOC
Colony,I-LOC
""",""",O
Gali,B-LOC
No,I-LOC
.,I-LOC
2,I-LOC
""",""",O
School,O
walI,I-LOC
galI,I-LOC
""",""",O
Johri,B-LOC
pur,I-LOC
""",""",O
DelhI,B-LOC
Mobile,O
:,O
-9899472639,O
pic.twitter.com/xm8FAQvvy9,O
Sentence #11,
@,O
gaur_bhavna,O
@,O
ArvindKejriwal,O
@,O
msisodia,O
galI,I-LOC
m,O
ek,O
side,O
ki,O
aadhi,O
se,O
b,O
kam,O
naaliya,O
banai,O
gayi,O
h,O
from,O
Monday,B-TIM
to,O
Friday,B-TIM
.,O
Roj,O
bas,O
3-4,O
log,O
aate,O
h,O
..,O
thoda,O
sa,O
kaam,O
karte,O
h,O
...,O
jan,O
jeewan,O
astvast,O
ho,O
rakha,O
h,O
..,O
Gali,B-LOC
no,I-LOC
4,I-LOC
""",""",O
Tamilar,B-LOC
Enclave,I-LOC
""",""",O
Palam,B-LOC
""",""",O
New,B-LOC
DelhI,B-LOC
pic.twitter.com/LYCjQTT1FT,O
Sentence #12,
Please,O
help,O
Mr.Anil,B-PER
G.verma,O
please,O
my,O
complaint,O
no,O
my,O
state,O
New,B-LOC
DelhI,B-LOC
Your,0
Distubturs,I-ORG
mr.saket,O
not,O
solved,O
my,O
complaint,O
My,O
ac,O
under,O
A.m.c,O
Your,O
Distubturs,O
Address,O
D381,O
Gali,B-LOC
no-14,O
near,O
Laxmi,B-LOC
dairy,I-LOC
Lalit,I-LOC
park,I-LOC
laxmI,O
nagar,I-LOC
DelhI,B-LOC
your,O
Distubturs,I-ORG
Agency,I-ORG
NAME-H.V,O
AC,O
SERVICE,O
MR.SAKET,B-PER
pic.twitter.com/AIkMjO3d6c,O
Sentence #13,
CA,O
number,O
-,O
103397735,O
...,O
Address,O
is,O
Mahavir,B-LOC
Enclave,I-LOC
""",""",O
33Ft,B-LOC
Road,I-LOC
""",""",O
opposite,O
road,B-LOC
of,O
Aman,I-ORG
Bakery,O
""",""",O
Gali,B-LOC
no,I-LOC
7,O
""",""",O
New,B-LOC
DelhI,B-LOC
-,O
110045,O
..,O
Power,O
cut,O
""",""",O
kindly,O
look,O
into,O
the,O
matter,O
...,O
@,O
bsesDelhI,O
Sentence #14,
According,O
to,O
police,O
my,O
phone,O
last,O
location,O
MSISDN,O
919719837109,I-MISC
Ph,O
ON,O
Last,O
Activity,O
8/29/2019,O
12:44:00,O
PM,O
Cell,O
ID,O
404-11-30061-63011Cell,O
ID,O
Address,O
Plot,O
No,O
A-27,B-LOC
""",""",O
Khasra,B-LOC
No,O
"""898/192,216,217,218""",O
+,O
220-243,O
""",""",O
Village,B-LOC
ChandrawalI,I-LOC
""",""",O
Gali,B-LOC
No,O
03,B-TIM
""",""",O
New,B-LOC
Jagat,I-LOC
PurI,O
Extn,I-LOC
""",""",O
Shahdra,B-LOC
""",""",O
Delhi-93,I-LOC
@,O
DelhiPolic,O
Sentence #15,
@,O
tatapower_ddl,O
Sentence #16,
Street,O
light,O
not,O
working,O
in,O
indraprasth,B-LOC
colony,I-LOC
galI,I-LOC
no,O
.,O
28,I-LOC
B,B-LOC
Block,B-LOC
DelhI,B-LOC
110084,I-LOC
Sentence #17,
CA,O
no,O
.,O
60023037769,O
Sentence #18,
On,O
pol,O
No,O
.,O
414-37/11/2,O
Sentence #19,
Please,O
check,O
and,O
help,O
Sentence #20,
Contact,O
no,O
.,O
9278141215,O
Sentence #21,
But,O
Sir,O
your,O
swachhata,O
app,O
staff,O
is,O
not,O
doing,O
their,O
job,O
they,O
not,O
come,O
to,O
clean,O
roads,O
even,O
after,O
many,O
reminder,O
in,O
R,B-LOC
block,I-LOC
saurabh,I-LOC
vihar,I-LOC
galI,I-LOC
no,O
6,O
badarpur,B-LOC
new,I-LOC
DelhI,B-LOC
110044,O
https,O
:,O
//twitter.com/PMOIndia/status/1170285627201376257,O
Sentence #22,
one,O
water,O
pipe,O
line,O
connecsition,O
since,O
2009,I-TIM
of,O
my,O
wife,O
.28,O
Gali,B-LOC
no,I-LOC
3,O
Jagdamba,B-LOC
colony,I-LOC
village,O
Joharipur,B-LOC
Shahdara,B-LOC
DelhI,B-LOC
110094,I-LOC
.And,O
payrrell,O
sewarge,O
lines,O
layout,O
.So,O
drinking,O
water,O
mix,O
with,O
sewarge,O
pipe,O
line,O
.,O
So,O
requested,O
as,O
human,O
beings,O
to,O
you,O
Old,O
one,O
Water,O
supply,O
line,O
exch,O
Sentence #23,
@,O
ArvindKejriwal,O
Sir,O
apka,O
DelhI,B-LOC
mai,O
hu,O
aj,O
se,O
10,O
din,O
hogeya,O
hamara,O
galI,I-LOC
main,O
pani,O
nahi,O
aya,O
Sir,O
plz,O
help,O
kare,O
bedanpura,O
galI,I-LOC
no,O
34,I-LOC
korol,B-LOC
bagh,I-LOC
mera,O
nam,O
meheraz,O
uddin,O
mallik,O
Sentence #24,
@,O
bsesDelhI,O
Sentence #25,
7TH,O
REMINDER,O
NO,O
ACTION,O
&,O
NO,O
REPLY,O
YOUR,O
SIDE,O
?,O
Sentence #26,
LOW,O
VOLTAGE,O
PROBLEM,O
LAST,O
4,O
MONTH,O
IN,O
MAHAVEER,B-LOC
ENCLAVE,I-LOC
galI,I-LOC
NO-1,I-LOC
D,O
""",""",O
PALAM,B-LOC
NEW,B-LOC
DELHI-110045,I-LOC
Sentence #27,
CA,O
NO-103409954,O
Sentence #28,
@,O
SatyendarJain,O
Sentence #29,
12TH,O
REMINDER,O
NO,O
ACTION,O
&,O
NO,O
REPLY,O
YOUR,O
SIDE,O
?,O
Sentence #30,
LOW,O
VOLTAGE,O
PROBLEM,O
LAST,O
4,O
MONTH,O
IN,O
MAHAVEER,B-LOC
ENCLAVE,I-LOC
galI,I-LOC
NO-1,I-LOC
D,O
""",""",O
PALAM,B-LOC
NEW,B-LOC
DELHI-110045,I-LOC
Sentence #31,
CA,O
NO-103409954,O
Sentence #32,
@,O
DelhiJalBoard,O
NAME,O
:,O
Meena,B-PER
Gabrani,I-PER
ADDRESS,O
:,O
Gali:19,B-LOC
""",""",O
Shiv,B-LOC
Nagar,I-LOC
Extn.,I-LOC
""",""",O
Delhi-58,B-LOC
CONTACT,O
NO,O
.,O
:,O
9873465596,O
KNO,O
:,O
3343492343,O
ISSUE,O
:,O
1,O
),O
Meter,O
reading,O
not,O
done,O
since,O
October,O
2018,O
.,O
2,O
),O
DJB,O
M-Seva,O
App,O
is,O
not,O
working,O
.,O
pic.twitter.com/MvbfztJeck,O
Sentence #33,
NAME,O
:,O
Meena,B-PER
Gabrani,I-PER
ADDRESS,I-PER
:,O
Gali:19,O
""",""",O
Shiv,B-LOC
Nagar,I-LOC
Extn.,I-LOC
""",""",O
Delhi-58,B-LOC
CONTACT,O
NO,O
.,O
:,O
9873465596,O
KNO,O
:,O
3343492343,O
ISSUE,O
:,O
1,O
),O
Meter,O
reading,O
not,O
done,O
since,O
October,O
2018,I-TIM
.,O
2,O
),O
DJB,O
M-Seva,O
App,O
is,O
not,O
working,O
.,O
pic.twitter.com/knOvv8bFIg,O
Sentence #34,
JIO,O
SIGNAL,O
PROBLEM,O
-,O
Signals,O
do,O
not,O
come,O
inside,O
my,O
Houes,O
No,O
.,O
7,O
""",""",O
Gali,B-LOC
No,I-LOC
.,O
5,O
""",""",O
Mohan,B-LOC
Park,I-LOC
""",""",O
West,B-LOC
Guru,I-LOC
Angad,I-LOC
Nagar,I-LOC
""",""",O
Luxmi,B-LOC
Nagar,I-LOC
Delhi-110092,I-LOC
on,O
my,O
Mob,O
No,O
.,O
7678115061,O
.,O
Jio,B-ORG
Please,O
Rectify,O
the,O
problem,O
immediately,O
.,O
Sentence #35,
@,O
reliancejio,O
@,O
JioCare,O
Sentence #36,
Just,O
a,O
few,O
minutes,O
after,O
a,O
dog,O
delieverd,O
her,O
pupies,O
she,O
was,O
beaten,O
with,O
sticks.action,O
need,O
to,O
be,O
taken,O
now,O
.,O
Location-2101/1,O
gali,B-LOC
no,I-LOC
13,I-LOC
prem,B-LOC
nagar,I-LOC
new,I-LOC
DelhI,B-LOC
.,O
@,O
Manekagandhibjp,O
@,O
PFA_DelhI,B-LOC
https,O
:,O
//www.instagram.com/p/B2D4WCwHmCW/,O
?,O
igshid=8xduj8847v1l,O
pic.twitter.com/Dq0DctRgVC,O
Sentence #37,
@,O
tweetndmc,O
@,O
north_mcd,O
@,O
DCPCentralDelhI,B-LOC
@,O
north_mcd,O
@,O
DelhiPolice,O
ILLEGAL,O
CONSTRUCTION,O
ALONG,O
WITHBASEMENT,O
BY,O
MR.AARIF,O
S/O,O
ABDUL,O
HAFIZ,O
AT,O
NO,O
.,O
6946,O
galI,I-LOC
BATUE,O
walI,I-LOC
""",""",O
BERI,O
WALA,O
BAGH,O
""",""",O
DELHI,B-LOC
6,I-LOC
""",""",O
WITHOUT,O
ANY,O
SITE,O
PLAN,O
AND,O
SANCTION,O
FROM,O
MCD,O
.,O
VERY,O
DENGEROUS,O
FOR,O
PUBLIC,O
.,O
NEED,O
IMMEDIATE,O
ACTION,O
pic.twitter.com/hI0cHl7X3u,O
Sentence #38,
@,O
tweetndmc,O
@,O
north_mcd,O
@,O
DCPCentralDelhI,B-LOC
@,O
north_mcd,O
@,O
DelhiPolice,O
ILLEGAL,O
CONSTRUCTION,O
ALONG,O
WITHBASEMENT,O
BY,O
MR.AARIF,O
S/O,O
ABDUL,O
HAFIZ,O
AT,O
NO,O
.,O
6946,O
galI,I-LOC
BATUE,O
walI,I-LOC
""",""",O
BERI,O
WALA,O
BAGH,O
""",""",O
DELHI,B-LOC
6,I-LOC
""",""",O
WITHOUT,O
ANY,O
SITE,O
PLAN,O
AND,O
SANCTION,O
FROM,O
MCD,O
.,O
VERY,O
DENGEROUS,O
FOR,O
PUBLIC,O
.,O
NEED,O
IMMEDIATE,O
ACTION,O
pic.twitter.com/hI0cHl7X3u,O
Sentence #39,
@,O
ArvindKejriwal,O
@,O
LtGovDelhI,B-LOC
@,O
tiwarymanoj,O
@,O
KapilMishra_IND,B-LOC
DelhI,B-LOC
ka,O
malik,O
Dekho,O
hamarI,O
galI,I-LOC
ka,O
hall,O
it,O
is,O
more,O
than,O
one,O
month,O
in,O
same,O
situation,O
bas,O
khod,O
k,O
dal,O
diya,O
hai,O
no,O
work,O
....,O
Gali,B-LOC
no,I-LOC
5,I-LOC
West,I-LOC
nathu,I-LOC
colony,I-LOC
pic.twitter.com/3cXMl99eFg,O
Sentence #40,
@,O
bsesDelhI,O
@,O
ArvindKejriwal,O
@,O
ZeeNews,O
@,O
aajtak,O
@,O
indiatv,O
@,O
ABPNews,O
residents,O
of,O
mahavir,B-LOC
enclave,I-LOC
are,O
still,O
suffering,O
from,O
odd,O
time,O
power,O
cut,O
frequently,O
.,O
Hon,O
.,O
CM,B-ORG
is,O
ignoring,O
this,O
.,O
We,O
want,O
the,O
help,O
of,O
media,O
urgently,O
.,O
New,B-LOC
DelhI,B-LOC
110045,I-LOC
galI,I-LOC
no,O
4,O
Sentence #41,
@,O
DelhiJalBoard,O
@,O
AAPDelhI,B-LOC
@,O
Ceo_djb,O
no,O
water,O
supply,O
from,O
last,O
3,B-TIM
days,O
.,O
pls,O
help,O
no,O
water,O
for,O
drinking,O
address,O
-,O
1165,O
""",""",O
gali,B-LOC
no,I-LOC
.,O
12,I-LOC
""",""",O
govindpuri,B-LOC
""",""",O
new,B-LOC
DelhI,B-LOC
Sentence #42,
Urgent,O
Requirement,O
For,O
Field,O
Executive,O
For,O
Ahmedabad,B-LOC
&,O
Surat,B-LOC
(,O
10,O
),O
&,O
Data,O
Entry,O
Operator,O
(,O
2,O
),O
For,O
Delhi,B-LOC
(,O
Nirman,B-LOC
Vihar,I-LOC
),O
Pls,O
.,O
Call,O
:,O
9213899899/011-45567899,O
Sentence #43,
Office,O
Add,O
:,O
10-B,B-LOC
""",""",O
galI,I-LOC
No,I-LOC
10,I-LOC
""",""",O
Veer,B-LOC
Savarker,I-LOC
Block,I-LOC
""",""",O
Near,I-LOC
Nirman,I-LOC
Vihar,I-LOC
Metro,I-LOC
Station,I-LOC
""",""",O
Shakarpur,B-LOC
""",""",O
New,B-LOC
DelhI,B-LOC
110092,I-LOC
Sentence #44,
ID,O
Cards,O
Printing,O
!,O
Sentence #45,
Contact,O
Us,O
:,O
Shivansh,O
Enterprises,O
Printing,O
Quality,O
Is,O
Matter,O
!,O
Graphic,O
Designing,O
""",""",O
Printing,O
""",""",O
Advertising,O
""",""",O
Branding,O
Etc,O
...,O
Mobile,O
:,O
+91,O
9999081545,O
D-369,B-LOC
""",""",O
galI,I-LOC
No,I-LOC
.,O
13,I-LOC
""",""",O
Laxmi,B-LOC
Nagar,I-LOC
""",""",O
Delhi-110092,B-LOC
Email,O
:,O
shivanshenterprises.in,O
@,O
gmail.com,O
pic.twitter.com/pFBFU9Qf3C,O
Sentence #46,
9873348420,O
Suman,B-PER
Devi,I-PER
Rzf,I-PER
766/9,O
""",""",O
Flat,O
No,O
301,O
""",""",O
3rd,O
Floor,O
""",""",O
Raj,B-LOC
nagar,I-LOC
2,I-TIM
""",""",O
Gali,B-LOC
No,I-LOC
7,I-LOC
""",""",O
Palam,B-LOC
Colony,I-LOC
""",""",O
New,B-LOC
DelhI,B-LOC
77,I-LOC
Sentence #47,
@,O
ManojTiwariMP,O
Dear,O
Sir,O
rajapuri,B-LOC
galI,I-LOC
no,I-LOC
1,I-LOC
uttam,B-LOC
Nagar,I-LOC
mai,O
no,O
water,O
supply,O
from,O
last,O
1,O
month,O
water,O
no,O
water,O
We,O
have,O
send,O
serval,O
email,O
and,O
filed,O
complaints,O
in,O
Delhi,B-ORG
Jal,I-ORG
Board,I-ORG
and,O
CM,O
kerjerwal,O
but,O
no,O
response,O
from,O
their,O
end,O
...,O
Pls,O
help,O
us,O
Sir,O
we,O
need,O
your,O
support,O
Vineet,O
9599057826,O
Sentence #48,
Sir,O
rajapuri,O
galI,I-LOC
No,O
1,I-LOC
mai,O
no,O
water,O
supply,O
from,O
last,O
1,O
month,O
And,O
no,O
response,O
from,O
Your,O
delhi,B-LOC
jal,O
Board,O
email,O
check,O
karo,O
Sir,O
...,O
Approx,O
40,O
email,O
hai,O
....,O
Sentence #49,
Call,O
me,O
9599057826,O
Sentence #50,
Sir,O
rajapuri,O
galI,I-LOC
No,O
1,I-LOC
mai,O
no,O
water,O
supply,O
from,O
last,O
1,O
month,O
And,O
no,O
response,O
from,O
Your,O
delhi,B-LOC
jal,O
Board,O
email,O
check,O
karo,O
Sir,O
...,O
Approx,O
40,O
email,O
hai,O
....,O
Approx,O
40,O
email,O
hai,O
....,O
Sentence #51,
Pls,O
call,O
me,O
9599057826,O
Sentence #52,
Sir,O
rajapuri,O
galI,I-LOC
No,O
1,I-LOC
mai,O
no,O
water,O
supply,O
from,O
last,O
1,O
month,O
And,O
no,O
response,O
from,O
Your,O
delhi,B-LOC
jal,O
Board,O
email,O
check,O
karo,O
Sir,O
...,O
Sentence #53,
Sir,O
rajapuri,O
galI,I-LOC
No,O
1,I-LOC
mai,O
no,O
water,O
supply,O
from,O
last,O
1,O
month,O
And,O
no,O
response,O
from,O
Your,O
delhi,B-LOC
jal,O
Board,O
email,O
check,O
karo,O
Sir,O
...,O
Approx,O
40,O
email,O
hai,O
....,O
Sentence #54,
@,O
AapsaritaSingh,O
PRAVEEN,O
VATS,O
1/2852,O
""",""",O
RAM,B-LOC
NAGAR,I-LOC
""",""",O
LONI,B-LOC
ROAD,I-LOC
""",""",O
GALI,B-LOC
NO-13,I-LOC
""",""",O
SHAHADARA,B-LOC
""",""",O
DELHI,B-LOC
110032,O
PH-9958560049,O
Sentence #55,
B-226,B-LOC
""",""",O
B-227,B-LOC
Gokal,B-LOC
purI,O
DelhI,B-LOC
-110094,I-LOC
galI,I-LOC
ki,O
khamba,O
no.G,O
826,O
ki,O
light,O
kharb,O
he,O
Name,O
Pradeep,B-PER
Mo,I-PER
.,O
No,O
.,O
9540000592,O
Street,O
light,O
not,O
working,O
pic.twitter.com/NN3FnPjuiu,O
Sentence #56,
Sir,O
rangpuri,B-LOC
DelhI,B-LOC
-37,O
galI,I-LOC
no.16,O
sainath,O
apartment-2,O
m,O
pani,O
k,O
bahut,O
probalam,O
hai,O
""",""",O
haima,O
pani,O
purchase,O
karna,O
pardhata,O
hai,O
""",""",O
please,O
pani,O
k,O
probalm,O
salve,O
kara,O
do,O
Sentence #57,
9643978380,O
""",""",O
http,O
:,O
//kh.no,O
.283/53/2,O
jheel,B-LOC
road,I-LOC
janta,B-LOC
vihar,I-LOC
near,O
shivmurat,O
building,O
material,O
saplaiyer,O
""",""",O
Gali,B-LOC
no.3,I-LOC
mukundpur,B-LOC
Delhi-110042,B-LOC
.,O
pic.twitter.com/TwIcpWUKCw,O
Sentence #58,
Monty,O
9013737978,O
D,B-ORG
31/,O
975,O
Amar,B-LOC
colony,I-LOC
east,I-LOC
gokalpur,I-LOC
DelhI,B-LOC
94,O
Good,B-ORG
Morning,I-ORG
Public,I-ORG
School,I-ORG
ke,O
samne,O
walI,I-LOC
galI,I-LOC
me,O
BangalI,I-LOC
ki,O
dukan,O
ke,O
samne,O
Pol,O
no,O
651,O
pic.twitter.com/szmodWUCeZ,O
Sentence #59,
188,O
""",""",O
Gali,B-LOC
no,O
.,O
22,O
""",""",O
Sant,B-LOC
Garh,I-LOC
""",""",O
Delhi,B-LOC
and,O
the,O
Eeco,B-PER
Van,I-PER
no,O
DL1LT,O
5084,O
has,O
been,O
prosecuted,O
vide,O
challan,O
no,O
.,O
TNC-1261-627-2019,O
dated,O
11.07.2019,O
u/s,O
CMVR,O
100.2/177,O
M.V,B-ORG
Act,I-ORG
for,O
this,O
violation,O
with,O
cash,O
fine,O
Rs,O
.,O
100/-,O
and,O
film,O
has,O
been,O
removed,O
Sentence #60,
@,O
ArvindKejriwal,O
""",""",O
@,O
AapRituraj,O
@,O
msisodia,O
@,O
SatyendarJain,O
Dear,O
CM,I-PER
-Arvind,I-PER
Kejriwal,I-PER
ji,I-PER
""",""",O
This,O
is,O
Ranjeet,O
kumar,O
from,O
Gali,B-LOC
no-04,I-LOC
""",""",O
Block,B-LOC
-C,I-LOC
""",""",O
Hind,B-LOC
Vihar,I-LOC
""",""",O
Prem,B-LOC
nagar,I-LOC
3,O
""",""",O
Kirari-Delhi-110086,I-LOC
Sentence #61,
I,O
need,O
your,O
help,O
regarding,O
water,O
logging,O
problem,O
in,O
my,O
street,O
""",""",O
form,O
previous,O
10-12,O
days,O
this,O
prblem,O
.,O
pic.twitter.com/wow33FfHwn,O
Sentence #62,
@,O
ArvindKejriwal,O
@,O
ManojTiwariMP,O
@,O
MCDDelhI,O
@,O
OfficialSdmc,O
-,O
This,O
is,O
always,O
the,O
situation,O
of,O
Adarsh,B-LOC
GalI,I-LOC
No,I-LOC
.,O
1,O
""",""",O
Palam,B-LOC
Village,I-LOC
.,O
Lots,O
of,O
complaints,O
but,O
no,O
action,O
.,O
How,O
can,O
Delhi,B-LOC
be,O
liveable,O
with,O
this,O
scenario,O
?,O
Can,O
anyone,O
help,O
us,O
here,O
?,O
pic.twitter.com/MQVV7Kl7rs,O
Sentence #63,
Hi,O
""",""",O
I,O
am,O
facing,O
call,O
connectivity,O
and,O
data,O
&,O
internet,O
problem,O
in,O
my,O
home,O
.,O
My,O
phone,O
no,O
is,O
7838222636,O
.,O
My,O
home,O
address,O
is,O
below,O
:,O
Rz-12/320,O
""",""",O
Geetanjali,B-LOC
Park,I-LOC
""",""",O
gali,B-LOC
no,I-LOC
-8,I-LOC
""",""",O
west,B-LOC
Sagarpur,I-LOC
""",""",O
New,B-LOC
Delhi-110046,I-LOC
@,O
Airtel_Presence,O
@,O
airtelindia,O
Sentence #64,
@,O
manishsisodia90,O
we,O
the,O
residents,O
of,O
galI,I-LOC
no,O
4,O
west,I-LOC
vinod,I-LOC
nagar,B-LOC
DelhI,B-LOC
92,O
r,O
getting,O
conteminated,O
Djb,O
water,O
supply,O
for,O
one,B-TIM
month,O
""",""",O
no,O
action,O
despite,O
complaint,O
to,O
djb,O
""",""",O
pl,O
intervein.Binod,O
9810801060,O
Sentence #65,
@,O
delhimcd2017,O
@,O
BJP4India,O
@,O
BJP4Delhi,B-PER
Sahib,I-PER
Jindagi,I-PER
Nark,I-PER
Ban,O
gayi,O
h,O
Kirpiya,B-PER
Dhyan,I-PER
de,I-PER
.,O
(,O
Gali,B-LOC
no,I-LOC
12,I-LOC
""",""",O
Shastri,B-LOC
Nagar,I-LOC
""",""",O
New,B-LOC
DelhI,B-LOC
110031,I-LOC
),O
pic.twitter.com/luqkE9jyLb,O
Sentence #66,
But,O
water,O
problum,O
not,O
solve,O
in,O
east,B-LOC
delhI,I-LOC
Mandawli,B-LOC
Fazalpur,I-ORG
galI,I-LOC
No,O
8,O
Sentence #67,
No,O
water,O
supply,O
in,O
Raghu,B-LOC
nagar,I-LOC
galI,I-LOC
no,O
.,O
02,O
""",""",O
Delhi,B-LOC
near,O
Janak,B-LOC
cinema,I-LOC
.,O
Sentence #68,
Sir,O
water,O
problum,O
pls,O
solve,O
my,O
area,O
problem,O
.,O
na,O
aaye,O
koi,O
baat,O
nahi,O
per,O
tap,O
se,O
bhaut,O
purI,O
badboo,O
wala,O
pani,O
na,O
aaya,O
kare,O
pls,O
East,B-LOC
DelhI,B-LOC
Mandawli,B-LOC
Fazapur,B-LOC
Gali,I-LOC
No,O
8,I-LOC
me,O
..,O
?,O
?,O
?,O
@,O
ArvindKejriwal,O
@,O
AamAadmiParty,O
@,O
msisodia,O
Sentence #69,
@,O
ArvindKejriwal,O
@,O
ManojTiwariMP,O
@,O
MCDDelhI,O
@,O
OfficialSdmc,O
-,O
This,O
is,O
always,O
the,O
situation,O
of,O
Adarsh,O
galI,I-LOC
No,O
.,O
1,O
""",""",O
Palam,B-LOC
Village,I-LOC
.,O
Lots,O
of,O
complaints,O
but,O
no,O
action,O
.,O
How,O
can,O
Delhi,B-LOC
be,O
liveable,O
with,O
this,O
scenario,O
?,O
Can,O
anyone,O
help,O
us,O
here,O
?,O
pic.twitter.com/MQVV7Kl7rs,O
Sentence #70,
Hi,O
""",""",O
I,O
am,O
facing,O
call,O
connectivity,O
and,O
data,O
&,O
internet,O
problem,O
in,O
my,O
home,O
.,O
My,O
phone,O
no,O
is,O
7838222636,O
.,O
My,O
home,O
address,O
is,O
below,O
:,O
Rz-12/320,O
""",""",O
Geetanjali,B-LOC
Park,I-LOC
""",""",O
gali,I-LOC
no,I-LOC
-8,I-LOC
""",""",O
west,B-LOC
Sagarpur,I-LOC
""",""",O
New,B-LOC
Delhi-110046,I-LOC
@,O
Airtel_Presence,O
@,O
airtelindia,O
Sentence #71,
@,O
manishsisodia90,O
we,O
the,O
residents,O
of,O
gali,B-LOC
no,I-LOC
4,I-LOC
west,I-LOC
vinod,I-LOC
nagar,B-LOC
DelhI,B-LOC
92,O
r,O
getting,O
conteminated,O
Djb,O
water,O
supply,O
for,O
one,B-TIM
month,O
""",""",O
no,O
action,O
despite,O
complaint,O
to,O
djb,O
""",""",O
pl,O
intervein.Binod,O
9810801060,O
Sentence #72,
@,O
delhimcd2017,O
@,O
BJP4India,O
@,O
BJP4Delhi,B-PER
Sahib,I-PER
Jindagi,I-PER
Nark,I-PER
Ban,O
gayi,O
h,O
Kirpiya,B-PER
Dhyan,I-PER
de,I-PER
.,O
(,O
galI,I-LOC
no,O
12,I-LOC
""",""",O
Shastri,B-LOC
Nagar,I-LOC
""",""",O
New,B-LOC
DelhI,B-LOC
110031,I-LOC
),O
pic.twitter.com/luqkE9jyLb,O
Sentence #73,
But,O
water,O
problum,O
not,O
solve,O
in,O
east,B-LOC
DelhI,B-LOC
Mandawli,B-LOC
Fazalpur,I-LOC
gali,I-LOC
No,I-LOC
8,I-LOC
Sentence #74,
No,O
water,O
supply,O
in,O
Raghu,B-LOC
nagar,I-LOC
galI,I-LOC
no,O
.,O
02,O
""",""",O
Delhi,B-LOC
near,O
Janak,B-LOC
cinema,I-LOC
.,O
Sentence #75,
Sir,O
water,O
problum,O
pls,O
solve,O
my,O
area,O
problem,O
.,O
na,O
aaye,O
koi,O
baat,O
nahi,O
per,O
tap,O
se,O
bhaut,O
purI,O
badboo,O
wala,O
pani,O
na,O
aaya,O
kare,O
pls,O
East,B-LOC
DelhI,B-LOC
Mandawli,B-LOC
Fazapur,B-LOC
Gali,I-LOC
No,O
8,I-LOC
me,O
..,O
?,O
?,O
?,O
@,O
ArvindKejriwal,O
@,O
AamAadmiParty,O
@,O
msisodia,O
Sentence #76,
@,O
SunitaKangraa,O
@,O
SunitaKangraBJP,O
..,O
Dear,O
madam,O
""",""",O
please,O
do,O
needful,O
as,O
your,O
staff,O
members,O
are,O
not,O
come,O
to,O
clean,O
and,O
pick,O
garbage,O
at,O
r,O
block,O
galI,I-LOC
no,O
6,O
saurabh,B-LOC
vihar,I-LOC
new,I-LOC
DelhI,B-LOC
badarpur,I-LOC
..,O
Please,O
do,O
needful,O
https,O
:,O
//twitter.com/kum25287484/status/1170898761658314758,O
Sentence #77,
@,O
DelhI,B-ORG
Jal,I-ORG
Board,I-ORG
I,O
am,O
a,O
resident,O
of,O
gali,B-LOC
no,I-LOC
10,I-LOC
""",""",O
sadh,B-LOC
nagar,I-LOC
palam,I-LOC
colony.For,O
last,O
15,O
days,O
we,O
are,O
not,O
getting,O
even,O
200,O
litres,O
a,O
http,O
:,O
//day.you,O
are,O
also,O
not,O
releasing,O
hard,O
water.Please,O
look,O
into,O
matter,O
at,O
the,O
earliest,O
and,O
do,O
the,O
needfulhttps,O
:,O
//twitter.com/DelhiJalBoard/status/1171720957028794368,O
Sentence #78,
@,O
ABPNews,O
respected,O
ABP,O
NEWS,O
KYA,O
AAP,O
LOG,O
SANGAM,B-LOC
VIHAR,I-LOC
WAZIRABAD,I-LOC
GALI,I-LOC
NO,I-LOC
"""3,4""",I-LOC
KE,O
SANITATION,O
PROBLEM,O
KO,O
DelhI,B-LOC
GOVERNMENT,O
TAK,O
PAUCHA,O
SAKTE,O
HAI,O
KYUKI,O
KOI,O
BHI,O
SUN,O
KE,O
RAJI,O
NAI,O
HAI,O
.,O
Sentence #79,
CA,O
number,O
-,O
103397735,O
...,O
Address,O
is,O
Mahavir,B-LOC
Enclave,I-LOC
""",""",O
33Ft,B-LOC
Road,I-LOC
""",""",O
opposite,I-LOC
road,I-LOC
of,O
Aman,B-ORG
Bakery,O
""",""",O
Gali,B-LOC
no,I-LOC
7,I-LOC
""",""",O
New,B-LOC
DelhI,I-LOC
-,O
110045,O
..,O
Power,O
cut,O
again,O
""",""",O
kindly,O
look,O
into,O
the,O
issue,O
...,O
@,O
bsesDelhI,O
Sentence #80,
NAME,O
:,O
Naresh,O
Kumar,O
Address,O
:,O
6695,O
""",""",O
Block-9,B-LOC
Gali,I-LOC
no-8,I-LOC
Dev,B-LOC
nagar,I-LOC
""",""",O
Karol,B-LOC
Bagh,I-LOC
new,I-LOC
DelhI,B-LOC
-110005,O
KNo,O
.,O
4323973517,O
Issue,O
:,O
my,O
numbers,O
of,O
grievance,O
is,O
closed,O
without,O
solutions,O
.,O
New,O
water,O
meter,O
is,O
not,O
updating,O
in,O
DJB,B-ORG
record,O
.,O
1st,O
complaint,O
No,O
.,O
5732719760,O
2nd,O
:,O
4772723376,O
Sentence #81,
@,O
DelhiJalBoard,O
Name,O
:,O
Sushma,O
Sethi,O
Address,O
:,O
WZ,O
A3,O
""",""",O
GF,O
""",""",O
Gali,B-LOC
No,I-LOC
.,I-LOC
8,I-LOC
Krishna,B-LOC
Park,I-LOC
Extension,I-LOC
New,I-LOC
DelhI,B-LOC
110018,I-LOC
Contact,O
No,O
.,O
9213536770,O
K,O
NO,O
.,O
1101551000,O
Issue,O
:,O
No,O
water,O
for,O
the,O
last,O
6,B-TIM
days,O
.,O
No,O
water,O
supply,O
on,O
regular,O
basis,O
""",""",O
Adulterated,O
water,O
supply,O
""",""",O
Insufficient,O
water,O
supply,O
.,O
Sentence #82,
CA,O
number,O
-,O
103397735,O
...,O
Address,O
is,O
Mahavir,B-LOC
Enclave,I-LOC
""",""",O
33Ft,B-LOC
Road,I-LOC
""",""",O
opposite,O
road,I-LOC
of,O
Aman,O
Bakery,O
""",""",O
Gali,B-LOC
no,I-LOC
7,I-LOC
""",""",O
New,B-LOC
DelhI,B-LOC
-,O
110045,O
..,O
Power,O
cut,O
""",""",O
kindly,O
look,O
into,O
the,O
matter,O
...,O
@,O
bsesDelhI,O
Sentence #83,
@,O
jalboardDelhI,O
Name,O
:,O
Sushma,B-ORG
Sethi,I-ORG
Address,I-ORG
:,O
WZ,B-MISC
A3,I-MISC
""",""",O
GF,B-ORG
""",""",O
Gali,B-LOC
No,O
.,O
8,I-LOC
Krishna,B-LOC
Park,I-LOC
Extension,I-LOC
New,I-LOC
DelhI,B-LOC
110018,I-LOC
Contact,O
No,O
.,O
9213536770,O
K,O
NO,O
.,O
1101551000,O
Issue,O
:,O
No,O
water,O
for,O
the,O
last,O
6,B-TIM
days,O
.,O
No,O
water,O
supply,O
on,O
regular,O
basis,O
""",""",O
Adulterated,O
water,O
supply,O
""",""",O
Insufficient,O
water,O
supply,O
.,O
Sentence #84,
@,O
jalboardDelhI,O
Name,O
:,O
Sushma,B-ORG
Sethi,I-ORG
Address,I-ORG
:,O
WZ,B-MISC
A3,I-MISC
""",""",O
GF,B-ORG
""",""",O
Gali,B-LOC
No,O
.,O
8,I-LOC
Krishna,B-LOC
Park,I-LOC
Extension,I-LOC
New,I-LOC
DelhI,B-LOC
110018,I-LOC
Contact,O
No,O
.,O
9213536770,O
K,O
NO,O
.,O
1101551000,O
Issue,O
:,O
No,O
water,O
for,O
the,O
last,O
6,B-TIM
days,O
.,O
No,O
water,O
supply,O
on,O
regular,O
basis,O
""",""",O
Adulterated,O
water,O
supply,O
""",""",O
Insufficient,O
water,O
supply,O
.,O
Sentence #85,
@,O
jalboardDelhI,O
Name,O
:,O
Sushma,B-ORG
Sethi,I-ORG
Address,I-ORG
:,O
WZ,B-MISC
A3,I-MISC
""",""",O
GF,B-ORG
""",""",O
Gali,B-LOC
No,O
.,O
8,I-LOC
Krishna,B-LOC
Park,I-LOC
Extension,I-LOC
New,I-LOC
DelhI,B-LOC
110018,I-LOC
Contact,O
No,O
.,O
9213536770,O
K,O
NO,O
.,O
1101551000,O
Issue,O
:,O
No,O
water,O
for,O
the,O
last,O
6,B-TIM
days,O
.,O
No,O
water,O
supply,O
on,O
regular,O
basis,O
""",""",O
Adulterated,O
water,O
supply,O
""",""",O
Insufficient,O
water,O
supply,O
.,O
Sentence #86,
@,O
DoT_India,O
My,O
area,O
network,O
status,O
@,O
VodafoneIN,O
no,O
network,O
@,O
airtelindia,O
No,O
Network,O
@,O
JioCare,O
low,O
network,O
Gali,B-LOC
No.7,I-LOC
Vishwas,I-LOC
Nagar,I-LOC
Shahdara,I-LOC
delhi-110032,I-LOC
Sentence #87,
CA,O
number,O
-,O
103397735,O
...,O
Address,O
is,O
Mahavir,B-LOC
Enclave,I-LOC
""",""",O
33Ft,B-LOC
Road,I-LOC
""",""",O
opposite,I-LOC
road,I-LOC
of,O
Aman,O
Bakery,O
""",""",O
Gali,B-LOC
no,O
7,O
""",""",O
New,B-LOC
DelhI,B-LOC
-,O
110045,O
..,O
Power,O
cut,O
""",""",O
kindly,O
look,O
into,O
the,O
matter,O
...,O
@,O
bsesDelhI,O
Sentence #88,
Name,O
:,O
Ahilya,B-PER
Devi,I-PER
Add,I-PER
.,O
HNo,O
.,O
39A,B-ORG
""",""",O
Gali,B-LOC
No,I-LOC
1,I-LOC
""",""",O
Jai,B-LOC
Vihar,I-LOC
""",""",O
Near,O
25,B-LOC
Foota,I-LOC
Road,I-LOC
DelhI,B-LOC
110043,O
File,O
No,O
23243,O
Mob,O
No,O
9910429021,O
.,O
Remarks,O
:,O
Still,O
not,O
approved,O
my,O
file,O
.,O
Sentence #89,
Name,O
:,O
sonia,O
w/o,O
mahesh,O
kumar,O
Add,O
:,O
plot,O
no,O
118,O
kh,O
no,O
4/19,O
gali,B-LOC
no,I-LOC
16,I-LOC
swaroop,B-LOC
nagar,B-LOC
DelhI,B-LOC
110042,O
http,O
:,O
//K.NO,O
9725659089,O
ISSUE,O
:,O
PIPE,O
LINE,O
BROKEN,O
LAST,O
FIVE,O
DAY,O
JE,O
.,O
NOT,O
TAKE,O
ANY,O
ACTION,O
SAID,O
pic.twitter.com/Eu16oBJxdc,O
Sentence #90,
Dear,O
Sir,O
#,O
SwachhBharatMission2019,O
punjabi,B-LOC
bastI,I-LOC
gali,I-LOC
no,I-LOC
3,I-LOC
delhi,B-LOC
Cn-8076500282,O
@,O
ManojTiwariMP,O
@,O
M_Lekhi,B-PER
@,O
PMOIndiapic.twitter.com/eyzG4aTcYa,O
Sentence #91,
NAME,O
:,O
Shekhar,O
kumar,O
ADDRESS,O
:,O
H.,B-ORG
No,I-LOC
289,I-LOC
""",""",O
krishna,B-LOC
galI,I-LOC
""",""",O
choya,B-LOC
bazar,I-LOC
""",""",O
kashmere,B-LOC
gate,I-LOC
""",""",O
delhi-110006,I-LOC
CONTACT,O
NO,O
.,O
:7838382366,O
KNO:8176490000,O
ISSUE,O
:,O
excess,O
bill,O
received,O
""",""",O
zero,O
water,O
consumption,O
;,O
no,O
one,O
lives,O
here,O
from,O
my,O
family,O
""",""",O
The,O
water,O
supply,O
is,O
stopped,O
by,O
MCD,B-ORG
already,O
when,O
got,O
nu,O
no,O
Sentence #92,
NAME,O
:,O
Shekhar,O
kumar,O
ADDRESS,O
:,O
H.,B-ORG
No,O
289,O
""",""",O
krishna,B-LOC
galI,I-LOC
""",""",O
choya,B-LOC
bazar,I-LOC
""",""",O
kashmere,B-LOC
gate,I-LOC
""",""",O
delhi-110006,B-LOC
CONTACT,O
NO,O
.,O
:,O
7838392366,O
KNO:8176490000,O
ISSUE,O
:,O
excess,O
bill,O
received,O
zero,O
water,O
consumption,O
;,O
no,O
one,O
lives,O
here,O
from,O
my,O
family,O
""",""",O
The,O
water,O
supply,O
is,O
stopped,O
by,O
MCD,B-ORG
already,O
when,O
got,O
nu,O
no,O
Sentence #93,
NAME,O
:,O
SMT,O
.,O
SEEMA,B-ORG
DEVI,O
Sentence #94,
ADDRESS,O
:,O
D1/356,B-LOC
""",""",O
ASHOKNAGAR,B-LOC
""",""",O
GALI,B-LOC
NO-14,I-LOC
""",""",O
DELHI,B-LOC
Sentence #95,
CONTACT,O
NO,O
.,O
:,O
7982636848,O
""",""",O
8810576793,O
Sentence #96,
KNO,O
:,O
1557730000,O
Sentence #97,
ISSUE,O
:,O
help,O
me,O
Sentence #98,
Sir,O
hamarI,O
bhi,O
koi,O
madad,O
kro,O
police,O
pareshan,O
kar,O
rhi,O
hai,O
dda-4/120A,B-LOC
block,I-LOC
galI,I-LOC
no,I-LOC
4,I-LOC
harshvihar,I-LOC
ne,O
Delhi,B-LOC
110093,I-LOC
Sentence #99,
@,O
reliancejio,O
@,O
VodafoneIN,O
@,O
airtelindia,O
U,B-ORG
people,O
give,O
us,O
a,O
feel,O
that,O
we,O
live,O
in,O
a,O
very,O
remote,O
area,O
in,O
Delhi,B-LOC
no,O
network,O
at,O
all,O
inspite,O
of,O
number,O
of,O
complaints.I,O
m,O
also,O
from,O
the,O
same,O
location,O
i.e,O
.,O
T-block,O
""",""",O
Jain,B-PER
Sthanak,I-PER
Gali,I-LOC
""",""",O
Prem,B-LOC
Nagar,I-LOC
""",""",O
Uttam,B-LOC
nagar,I-LOC
.,O
For,O
god,O
sake,O
provide,O
us,O
a,O
remedy,O
.,O
https,O
:,O
//twitter.com/Apurv84730545/status/1161558951038578689,O
Sentence #100,
@,O
jalboardDelhI,O
Sentence #101,
Respected,O
chief,O
minister,O
of,O
Delhi,B-LOC
I,O
need,O
to,O
know,O
a,O
reason,O
why,O
JAL,B-ORG
BOARD,I-ORG
is,O
not,O
doing,O
their,O
job,O
I,O
lives,O
in,O
Sultanpur,B-LOC
110065,O
from,O
last,O
four,B-TIM
years,O
there,O
is,O
no,O
water,O
supply,O
in,O
Kumhara,B-LOC
walI,I-LOC
galI,I-LOC
we,O
are,O
facing,O
problems,O
and,O
seriously,O
now,O
fed,O
up,O
....,O
Bhut,O
bura,O
haal,O
Sentence #102,
@,O
ArvindKejriwal,O
Respected,O
chief,O
minister,O
of,O
Delhi,B-LOC
I,O
need,O
to,O
know,O
a,O
reason,O
why,O
JAL,B-ORG
BOARD,I-ORG
is,O
not,O
doing,O
their,O
job,O
I,O
lives,O
in,O
Sultanpur,B-LOC
110065,O
from,O
last,O
four,B-TIM
years,O
there,O
is,O
no,O
water,O
supply,O
in,O
Kumhara,B-LOC
walI,I-LOC
galI,I-LOC
we,O
are,O
facing,O
problems,O
and,O
seriously,O
now,O
fed,O
up,O
....,O
Bhut,O
bura,O
haal,O
Sentence #103,
@,O
ArvindKejriwal,O
@,O
msisodia,O
@,O
GautamGambhir,O
@,O
PMOIndia,O
@,O
SKBagga2,O
@,O
MCDDelhI,O
@,O
galI,I-LOC
no.1,I-LOC
""",""",O
small,O
street,O
west,I-LOC
chander,B-LOC
nagar,I-LOC
""",""",O
delhi-51,I-LOC
""",""",O
naliyo,O
me,O
se,O
snakes,O
""",""",O
insects,O
nikal,O
rahe,O
hai,O
.,O
Naliyo,O
me,O
dawai,O
dalwai,O
jaye,O
.,O
Nhi,O
to,O
ye,O
gharo,O
me,O
ajaenge,O
....,O
Sentence #104,
8din,O
201/65A,B-LOC
krishna,B-LOC
galI,I-LOC
no,O
6,O
adarsh,B-LOC
Mohalla,B-LOC
maujpur,I-LOC
DelhI,B-LOC
110053,I-LOC
9810935030,O
Sentence #105,
8din,O
201/65A,B-ORG
krishna,B-LOC
galI,I-LOC
no,O
6,O
adarsh,B-LOC
Mohalla,B-LOC
maujpur,I-LOC
DelhI,B-LOC
110053,I-LOC
9810935030,O
Sentence #106,
NAME,O
:,O
Shekhar,O
kumar,O
ADDRESS,O
:,O
H.,B-ORG
No,O
289,O
""",""",O
krishna,B-LOC
galI,I-LOC
""",""",O
choya,B-LOC
bazar,I-LOC
""",""",O
kashmere,B-LOC
gate,I-LOC
""",""",O
delhi-110006,O
CONTACT,O
NO,O
.,O
:7838382366,O
KNO:8176490000,O
ISSUE,O
:,O
excess,O
bill,O
received,O
""",""",O
zero,O
water,O
consumption,O
;,O
no,O
one,O
lives,O
here,O
from,O
my,O
family,O
""",""",O
The,O
water,O
supply,O
is,O
stopped,O
by,O
MCD,B-ORG
already,O
when,O
got,O
nu,O
no,O
Sentence #107,
NAME,O
:,O
Shekhar,O
kumar,O
ADDRESS,O
:,O
H.,B-ORG
No,O
289,O
""",""",O
krishna,B-LOC
galI,I-LOC
""",""",O
choya,B-LOC
bazar,I-LOC
""",""",O
kashmere,B-LOC
gate,I-LOC
""",""",O
delhi-110006,O
CONTACT,O
NO,O
.,O
:,O
7838392366,O
KNO:8176490000,O
ISSUE,O
:,O
excess,O
bill,O
received,O
zero,O
water,O
consumption,O
;,O
no,O
one,O
lives,O
here,O
from,O
my,O
family,O
""",""",O
The,O
water,O
supply,O
is,O
stopped,O
by,O
MCD,B-ORG
already,O
when,O
got,O
nu,O
no,O
Sentence #108,
NAME,O
:,O
SMT,O
.,O
SEEMA,B-ORG
DEVI,O
Sentence #109,
ADDRESS,O
:,O
D1/356,B-LOC
""",""",O
ASHOKNAGAR,B-LOC
""",""",O
GALI,B-LOC
NO-14,I-LOC
""",""",O
DELHI,B-LOC
Sentence #110,
CONTACT,O
NO,O
.,O
:,O
7982636848,O
""",""",O
8810576793,O
Sentence #111,
KNO,O
:,O
1557730000,O
Sentence #112,
ISSUE,O
:,O
help,O
me,O
Sentence #113,
Sir,O
hamarI,O
bhi,O
koi,O
madad,O
kro,O
police,O
pareshan,O
kar,O
rhi,O
hai,O
addA-4/120A,O
block,O
galI,I-LOC
no,I-LOC
harshvihar,B-LOC
ne,O
Delhi,B-LOC
110093,I-LOC
Sentence #114,
@,O
reliancejio,O
@,O
VodafoneIN,O
@,O
airtelindia,O
U,B-ORG
people,O
give,O
us,O
a,O
feel,O
that,O
we,O
live,O
in,O
a,O
very,O
remote,O
area,O
in,O
Delhi,B-LOC
no,O
network,O
at,O
all,O
inspite,O
of,O
number,O
of,O
complaints.I,O
m,O
also,O
from,O
the,O
same,O
location,O
i.e,O
.,O
T-block,O
""",""",O
Jain,B-PER
Sthanak,I-PER
Gali,I-LOC
""",""",O
Prem,B-LOC
Nagar,I-LOC
""",""",O
Uttam,B-LOC
nagar,I-LOC
.,O
For,O
god,O
sake,O
provide,O
us,O
a,O
remedy,O
.,O
https,O
:,O
//twitter.com/Apurv84730545/status/1161558951038578689,O
Sentence #115,
@,O
jalboardDelhI,O
Sentence #116,
Respected,O
chief,O
minister,O
of,O
Delhi,B-LOC
I,O
need,O
to,O
know,O
a,O
reason,O
why,O
JAL,B-ORG
BOARD,I-ORG
is,O
not,O
doing,O
their,O
job,O
I,O
lives,O
in,O
Sultanpur,B-LOC
110065,O
from,O
last,O
four,B-TIM
years,O
there,O
is,O
no,O
water,O
supply,O
in,O
Kumhara,B-LOC
walI,I-LOC
galI,I-LOC
we,O
are,O
facing,O
problems,O
and,O
seriously,O
now,O
fed,O
up,O
....,O
Bhut,O
bura,O
haal,O
Sentence #117,
@,O
ArvindKejriwal,O
Respected,O
chief,O
minister,O
of,O
Delhi,B-LOC
I,O
need,O
to,O
know,O
a,O
reason,O
why,O
JAL,B-ORG
BOARD,I-ORG
is,O
not,O
doing,O
their,O
job,O
I,O
lives,O
in,O
Sultanpur,B-LOC
110065,O
from,O
last,O
four,B-TIM
years,O
there,O
is,O
no,O
water,O
supply,O
in,O
Kumhara,B-LOC
walI,I-LOC
galI,I-LOC
we,O
are,O
facing,O
problems,O
and,O
seriously,O
now,O
fed,O
up,O
....,O
Bhut,O
bura,O
haal,O
Sentence #118,
@,O
ArvindKejriwal,O
@,O
msisodia,O
@,O
GautamGambhir,O
@,O
PMOIndia,O
@,O
SKBagga2,O
@,O
MCDDelhI,O
@,O
galI,I-LOC
no.1,O
""",""",O
small,O
street,O
west,I-LOC
chander,B-LOC
nagar,I-LOC
""",""",O
delhi-51,O
""",""",O
naliyo,O
me,O
se,O
snakes,O
""",""",O
insects,O
nikal,O
rahe,O
hai,O
.,O
Naliyo,O
me,O
dawai,O
dalwai,O
jaye,O
.,O
Nhi,O
to,O
ye,O
gharo,O
me,O
ajaenge,O
....,O
Sentence #119,
8din,O
201/65A,B-ORG
krishna,B-LOC
galI,I-LOC
no,O
6,O
adarsh,B-LOC
Mohalla,B-LOC
maujpur,I-LOC
DelhI,B-LOC
110053,I-LOC
9810935030,O
Sentence #120,
8din,O
201/65A,B-ORG
krishna,B-LOC
galI,I-LOC
no,O
6,O
adarsh,B-LOC
Mohalla,B-LOC
maujpur,I-LOC
DelhI,B-LOC
110053,I-LOC
9810935030,O
Sentence #121,
Happy,O
Krishna,O
Janmashtami,O
Shivansh,O
Enterprises,O
Printing,O
Quality,O
Is,O
Matter,O
!,O
Graphic,O
Designing,O
""",""",O
Printing,O
""",""",O
Advertising,O
""",""",O
Branding,B-PER
Etc,I-PER
...,O
Mobile,O
:,O
+91,O
9999081545,O
D-369,B-ORG
""",""",O
Gali,B-LOC
No,I-LOC
.,O
13,I-LOC
""",""",O
Laxmi,B-LOC
Nagar,I-LOC
""",""",O
Delhi-110092,B-LOC
Email,O
:,O
shivanshenterprises.in,O
@,O
gmail.com,O
pic.twitter.com/2Ejcet4Snu,O
Sentence #122,
Happy,O
Krishna,O
Janmashtami,O
Shivansh,O
Enterprises,O
Printing,O
Quality,O
Is,O
Matter,O
!,O
Graphic,O
Designing,O
""",""",O
Printing,O
""",""",O
Advertising,O
""",""",O
Branding,O
Etc,O
...,O
Mobile,O
:,O
+91,O
9999081545,O
D-369,B-ORG
""",""",O
Gali,B-LOC
No,O
.,O
13,I-LOC
""",""",O
Laxmi,B-LOC
Nagar,I-LOC
""",""",O
Delhi-110092,B-PER
Email,I-PER
:,O
shivanshenterprises.in,O
@,O
gmail.com,O
pic.twitter.com/2Ejcet4Snu,O
Sentence #123,
Dear,O
sir/madam,O
""",""",O
Sentence #124,
Yeh,O
haal,O
meri,O
galI,I-LOC
ka,O
hai,O
.,O
Koi,O
safai,O
nhi,O
ho,O
rhi,O
hai,O
Sentence #125,
Roads,O
toote,O
hua,O
hain,O
pani,O
bhar,O
jata,O
hai,O
.,O
Cow,O
dung,O
on,O
roads,O
u,O
can,O
see,O
daily,O
.,O
Sentence #126,
MLA,O
not,O
doing,O
anything,O
for,O
our,O
area,O
.,O
Sentence #127,
Kindly,O
take,O
action,O
on,O
it,O
seriously,O
.,O
Sentence #128,
Regards,O
Mehtab,O
Gali,I-LOC
No.21,I-LOC
Tughlakabad,B-LOC
Ext,I-LOC
.,O
Delhi,B-LOC
.,O
pic.twitter.com/HR5v8DYsp0,O
Sentence #129,
@,O
IshraqKhan_MLA,O
please,O
galI,I-LOC
no,I-LOC
4,I-LOC
banni,O
h,O
(,O
near,O
Moni,B-LOC
mandir,I-LOC
road,I-LOC
),O
Brahmpuri,B-LOC
DelhI,B-LOC
53,I-LOC
Sentence #130,
@,O
bsesDelhI,O
@,O
ArvindKejriwal,O
@,O
MinistryofPower,O
CA,O
no,O
103452429,O
.,O
Over,B-TIM
2,I-TIM
hours,O
power,O
cut,O
in,O
area,O
..,O
Mahavir,B-LOC
Enclave,I-LOC
Part,O
2,O
New,B-LOC
DelhI,B-LOC
.,O
110045,O
Gali,B-LOC
no,B-LOC
4,B-LOC
.,O
No,O
resolution,O
after,O
making,O
complaint,O
.,O
State,O
government,O
will,O
be,O
no,O
more,O
in,O
the,O
power,O
.,O
Time,O
for,O
change,O
in,O
government,O
.,O
Sentence #131,
Dear,O
sir/madam,O
""",""",O
Sentence #132,
Yeh,O
haal,O
meri,O
galI,O
ka,O
hai,O
.,O
Koi,O
safai,O
nhi,O
ho,O
rhi,O
hai,O
Sentence #133,
Roads,O
toote,O
hua,O
hain,O
pani,O
bhar,O
jata,O
hai,O
.,O
Cow,O
dung,O
on,O
roads,O
u,O
can,O
see,O
daily,O
.,O
Sentence #134,
MLA,O
not,O
doing,O
anything,O
for,O
our,O
area,O
.,O
Sentence #135,
Kindly,O
take,O
action,O
on,O
it,O
seriously,O
.,O
Sentence #136,
Regards,O
Mehtab,O
Gali,I-LOC
No.21,I-LOC
Tughlakabad,B-LOC
Ext,I-LOC
.,O
Delhi,B-LOC
.,O
pic.twitter.com/HR5v8DYsp0,O
Sentence #137,
@,O
IshraqKhan_MLA,O
please,O
galI,I-LOC
no,O
4,O
banni,O
h,O
(,O
near,O
Moni,B-LOC
mandir,I-LOC
road,I-LOC
),O
Brahmpuri,B-LOC
DelhI,B-LOC
53,I-LOC
Sentence #138,
@,O
bsesDelhI,O
@,O
ArvindKejriwal,O
@,O
MinistryofPower,O
CA,O
no,O
103452429,O
.,O
Over,B-TIM
2,I-TIM
hours,O
power,O
cut,O
in,O
area,I-LOC
..,O
Mahavir,B-LOC
Enclave,I-LOC
Part,O
2,O
New,B-LOC
DelhI,B-LOC
.,O
110045,O
Gali,B-LOC
no,I-LOC
4,I-LOC
.,O
No,O
resolution,O
after,O
making,O
complaint,O
.,O
State,O
government,O
will,O
be,O
no,O
more,O
in,O
the,O
power,O
.,O
Time,O
for,O
change,O
in,O
government,O
.,O
Sentence #139,
@,O
MCDDelhI,O
gutter,O
ka,O
malwa,O
nikal,O
kar,O
bahar,O
chor,O
gaye,O
hain,O
road,I-LOC
par,O
.,O
Keeday,B-TIM
ho,O
rahey,O
hain,O
.,O
Beemariyon,O
ko,O
nyota,O
.,O
Address-,B-PER
Gali,I-LOC
no,I-LOC
11,I-LOC
""",""",O
near,O
hanuman,B-LOC
mandir,I-LOC
""",""",O
kiran,B-LOC
garden,I-LOC
""",""",O
uttam,B-LOC
nagar,I-LOC
""",""",O
new,B-LOC
delhi-110059,I-LOC
.,O
Gandh,I-LOC
uthwao,O
jaldi,O
Sentence #140,
@,O
MTNLOfficial,O
@,O
DoT_India,O
Dear,O
Sir,O
""",""",O
I,O
have,O
been,O
several,O
complaints,O
for,O
network,O
problems,O
on,O
my,O
particular,O
location,O
Gali,B-GPE
no,I-LOC
.,O
8,I-LOC
subhash,I-LOC
marg,I-LOC
east,B-LOC
ram,B-LOC
nagar,I-LOC
shahdara,I-LOC
DelhI,B-LOC
""",""",O
but,O
problem,O
resolve,O
till,O
now,O
.,O
Regards,O
Sentence #141,
@,O
bsesDelhI,O
street,O
light,O
is,O
not,O
working,O
for,O
10,0
days,O
pls,O
repair,O
it,O
as,O
early,O
as,O
possible,O
.,O
Dhirender,B-PER
Pratap,B-PER
Singh,B-PER
G,I-PER
39,O
galI,I-LOC
no,I-LOC
.,O
4,I-LOC
phase,I-LOC
3,I-LOC
Shiv,B-LOC
vihar,I-LOC
Karawal,I-LOC
nagar,I-LOC
DelhI,B-LOC
-110094,O
Mob,O
no,O
.,O
9891324104,O
9015233086,O
pic.twitter.com/8iDUzxSQSl,O
Sentence #142,
@,O
MCDDelhI,O
gutter,O
ka,O
malwa,O
nikal,O
kar,O
bahar,O
chor,O
gaye,O
hain,O
road,I-LOC
par,O
.,O
Keeday,B-TIM
ho,O
rahey,O
hain,O
.,O
Beemariyon,O
ko,O
nyota,O
.,O
Address-,B-PER
Gali,I-LOC
no,O
11,I-LOC
""",""",O
near,O
hanuman,B-LOC
mandir,I-LOC
""",""",O
kiran,B-LOC
garden,I-LOC
""",""",O
uttam,B-LOC
nagar,I-LOC
""",""",O
new,B-LOC
delhi-110059,O
.,O
Gandh,O
uthwao,O
jaldi,O