Sentence #0,
@,O
MTNLOfficial,B-ORG
@,O
DoT_India,B-ORG
Dear,O
Sir,O
I,O
have,O
been,O
several,O
complaints,O
for,O
network,O
problems,O
on,O
my,O
particular,O
location,O
Gali,B-LOC
no,I-LOC
.,I-LOC
8,I-LOC
subhash,B-LOC
marg,I-LOC
east,B-LOC
ram,I-LOC
nagar,I-LOC
shahdara,B-LOC
DelhI,B-LOC
but,O
problem,O
resolve,O
till,O
now,O
.,O
Regards,O
Sentence #1,
@,O
bsesDelhI,B-ORG
street,O
light,O
is,O
not,O
working,O
for,O
10,O
days,O
pls,O
repair,O
it,O
as,O
early,O
as,O
possible,O
.,O
Dhirender,O
Pratap,B-PER
Singh,I-PER
G,I-PER
39,B-LOC
galI,B-LOC
no,I-LOC
.,I-LOC
4,I-LOC
phase,B-LOC
3,I-LOC
Shiv,B-LOC
vihar,I-LOC
Karawal,B-LOC
nagar,I-LOC
DelhI,B-LOC
-110094,I-LOC
Mob,O
no,O
.,O
9891324104,O
9015233086,O
pic.twitter.com/8iDUzxSQSl,O
Sentence #2,
@,
dtptraffic,B-ORG
This,O
car,O
is,O
parked,O
at,O
n,O
galI,B-LOC
no,I-LOC
.,I-LOC
11,I-LOC
Bhola,B-LOC
Nath,I-LOC
Nagar,I-LOC
Shahdara,B-LOC
Delhi-110032,B-LOC
(,I-LOC
Near,B-LOC
Lucky,I-LOC
Mart,I-LOC
),I-ORG
.,O
This,O
lane,O
is,O
very,O
narrow,O
and,O
it,O
is,O
not,O
possible,O
to,O
pass,O
any,O
other,O
car,O
or,O
emergency,O
vehicle,O
from,O
this,O
road,O
.,O
This,O
car,O
is,O
obstracting,O
traffic,O
movment,O
.,O
Please,O
take,O
actions,O
.,O
pic.twitter.com/M0KOSG1b2N,O
Sentence #3,
Bhalswa,B-LOC
j,I-LOC
j,I-LOC
colony,I-LOC
part,O
2,O
DelhI,B-LOC
42,I-LOC
Block,B-LOC
d1,I-LOC
galI,B-LOC
no,I-LOC
28,I-LOC
ward,O
20,O
pic.twitter.com/DZhMhU0L3K,O
Sentence #4,
Location,O
-,O
P-20,B-LOC
Gali-4,B-LOC
Phase-4,B-LOC
Shiv,B-LOC
Vihar,I-LOC
karawal,B-LOC
Nagar,I-LOC
DelhI,B-LOC
110094,I-LOC
near,O
Rathor,B-LOC
Dhramshala,I-LOC
.,O
Contact,O
-8130218226,O
.,O
Pole,O
Number,O
-,O
KWN,O
Z338,O
.,O
Kindly,O
do,O
it,O
asap,O
because,O
I,O
have,O
already,O
submitted,O
complain,O
but,O
no,O
one,O
is,O
there,O
.,O
Sentence #5,
Gali,B-LOC
No,I-LOC
6,I-LOC
Jain,O
Nagar,B-LOC
Delhi,I-LOC
4,B-LOC
5,O
15,O
@,O
ArvindKejriwal,O
@,O
suraiya95,O
@,O
SatyendarJain,O
Sentence #6,
@,
DelhiJalBoard,B-ORG
@,O
ArvindKejriwal,B-PER
This,O
pipe,O
line,O
is,O
broken,O
and,O
the,O
water,O
is,O
leaking,O
with,O
due,O
respect,O
kindly,O
look,O
into,O
the,O
matter,O
Sentence #7,
NAME,O
:,O
gurjeet,B-PER
singh,I-PER
ADDRESS,O
:,O
A,B-LOC
44,I-LOC
galI,O
no,I-LOC
22,I-LOC
mahendera,I-LOC
park,I-LOC
adarsh,I-LOC
nagar,B-LOC
DelhI,B-LOC
33,I-LOC
CONTACT,O
NO,O
.,O
:,O
9810550544,O
ISSUE,O
:,O
water,O
pipe,O
leakage,O
pic.twitter.com/oS24AgmChA,O
Sentence #8,
@,O
ArvindKejriwal,B-PER
@,O
msisodia,B-PER
@,O
GautamGambhir,B-PER
@,O
PMOIndia,B-PER
@,O
SKBagga2,O
@,O
MCDDelhI,B-PER
@,O
narendramodi,B-PER
galI,B-LOC
no.1,I-LOC
small,I-LOC
street,O
west,O
chander,B-LOC
nagar,B-LOC
delhi-51,B-LOC
naliyo,O
me,O
se,O
snakes,O
insects,O
nikal,O
rahe,O
hai,O
.,O
Naliyo,O
me,O
dawai,O
dalwai,O
jaye,O
.,O
Nhi,O
to,O
ye,O
gharo,O
me,O
ajaenge,O
..,O
again,O
tweeted,O
but,O
no,O
reply,O
from,O
anybdy,O
Sentence #9,
@,O
dtptraffic,B-ORG
This,O
car,O
is,O
parked,O
at,O
n,O
galI,B-LOC
no,I-LOC
.,I-LOC
11,I-LOC
Bhola,B-LOC
Nath,I-LOC
Nagar,I-LOC
Shahdara,B-LOC
Delhi-110032,B-LOC
(,I-LOC
Near,B-LOC
Lucky,I-LOC
Mart,I-LOC
),O
.,O
This,O
lane,O
is,O
very,O
narrow,O
and,O
it,O
is,O
not,O
possible,O
to,O
pass,O
any,O
other,O
car,O
or,O
emergency,O
vehicle,O
from,O
this,O
road,O
.,O
This,O
car,O
is,O
obstracting,O
traffic,O
movment,O
.,O
Please,O
take,O
actions,O
.,O
pic.twitter.com/M0KOSG1b2N,O
Sentence #10,
Bhalswa,O
j,B-LOC
j,I-LOC
colony,I-LOC
part,I-LOC
2,O
DelhI,B-LOC
42,I-LOC
Block,B-LOC
d1,I-LOC
galI,O
no,B-LOC
28,I-LOC
ward,I-LOC
20,O
pic.twitter.com/DZhMhU0L3K,O
Sentence #11,
Location,O
-,O
P-20,O
Gali-4,B-LOC
Phase-4,I-LOC
Shiv,I-LOC
Vihar,B-LOC
karawal,I-LOC
Nagar,I-LOC
DelhI,B-LOC
110094,I-LOC
near,O
Rathor,B-LOC
Dhramshala,I-LOC
.,O
Contact,O
-8130218226,O
.,O
Pole,O
Number,B-MISC
-,I-MISC
KWN,I-MISC
Z338,I-MISC
.,I-MISC
Kindly,O
do,O
it,O
asap,O
because,O
I,O
have,O
already,O
submitted,O
complain,O
but,O
no,O
one,O
is,O
there,O
.,O
Sentence #12,
Gali,B-LOC
No,I-LOC
6,I-LOC
Jain,B-LOC
Nagar,I-LOC
Delhi,B-LOC
4,O
5,O
15,I-LOC
@,O
ArvindKejriwal,O
@,O
suraiya95,O
@,O
SatyendarJain,O
Sentence #13,
@,O
DelhiJalBoard,B-ORG
@,O
ArvindKejriwal,B-PER
This,O
pipe,O
line,O
is,O
broken,O
and,O
the,O
water,O
is,O
leaking,O
with,O
due,O
respect,O
kindly,O
look,O
into,O
the,O
matter,O
Sentence #14,
NAME,O
:,O
gurjeet,B-PER
singh,I-PER
ADDRESS,O
:,O
A,O
44,O
galI,B-LOC
no,I-LOC
22,I-LOC
mahendera,O
park,B-LOC
adarsh,I-LOC
nagar,B-LOC
DelhI,B-LOC
33,I-LOC
CONTACT,B-TIM
NO,I-TIM
.,O
:,O
9810550544,O
ISSUE,O
:,O
water,O
pipe,O
leakage,O
pic.twitter.com/oS24AgmChA,O
Sentence #15,
@,O
ArvindKejriwal,O
@,O
msisodia,O
@,O
GautamGambhir,O
@,O
PMOIndia,O
@,O
SKBagga2,O
@,O
MCDDelhI,O
@,O
narendramodi,O
galI,B-LOC
no.1,I-LOC
small,O
street,O
west,O
chander,B-LOC
nagar,I-LOC
delhi-51,B-LOC
naliyo,O
me,O
se,O
snakes,O
insects,O
nikal,O
rahe,O
hai,O
.,O
Naliyo,O
me,O
dawai,O
dalwai,O
jaye,O
.,O
Nhi,O
to,O
ye,O
gharo,O
me,O
ajaenge,O
..,O
again,O
tweeted,O
but,O
no,O
reply,O
from,O
anybdy,O
Sentence #16,
@,O
bsesDelhI,B-ORG
@,O
bsesDelhI,B-ORG
@,O
ArvindKejriwal,B-ORG
@,O
MinistryofPower,B-ORG
CA,O
no,O
103452429,O
.,O
Over,B-PER
2,I-PER
hours,I-PER
power,O
cut,O
in,O
area,O
..,O
Mahavir,B-LOC
Enclave,I-LOC
Part,B-LOC
2,I-LOC
New,O
DelhI,B-LOC
.,B-LOC
110045,B-LOC
Gali,B-LOC
no,I-LOC
4,I-LOC
.,O
No,O
resolution,O
after,O
making,O
complaint,O
.,O
State,O
government,O
will,O
be,O
no,O
more,O
in,O
the,O
power,O
.,O
Time,O
for,O
change,O
in,O
government,O
.,O
Sentence #17,
@,
ArvindKejriwal,B-PER
Sir,O
we,O
are,O
living,O
in,O
hell,O
(,O
sangam,B-LOC
vihar,I-LOC
south,I-LOC
DelhI,I-LOC
),O
there,O
is,O
no,O
water,O
for,O
our,O
gali,B-LOC
no.4,I-LOC
I,I-LOC
block,I-LOC
.,O
Ur,O
MLA,O
and,O
COUNSELLOR,O
ignore,O
our,O
problem,O
.,O
Take,O
some,O
positive,O
action,O
Sentence #18,
Sir,
Ji,O
ye,O
batao,O
humare,O
gharo,O
m,O
saaf,O
paani,O
kb,O
ayega,O
1,O
mahina,O
ho,O
gya,O
naliyo,O
ka,O
paani,O
arha,O
h,O
Sentence #19,
Gali,B-LOC
no,I-LOC
.,I-LOC
17/2,I-LOC
rishi,B-LOC
kardham,I-LOC
marg,I-LOC
chauhan,B-LOC
banger,I-LOC
Seelampur,B-LOC
New,B-LOC
DelhI,I-LOC
110053,I-LOC
Sentence #20,
@,O
bsesDelhI,B-ORG
@,I-ORG
bsesDelhI,I-ORG
@,O
ArvindKejriwal,B-ORG
@,O
MinistryofPower,B-ORG
CA,O
no,O
103452429,O
.,O
Over,O
2,B-TIM
hours,I-TIM
power,O
cut,O
in,O
area,O
..,O
Mahavir,B-LOC
Enclave,I-LOC
Part,B-LOC
2,I-LOC
New,B-LOC
DelhI,I-LOC
.,B-LOC
110045,B-LOC
Gali,O
no,B-LOC
4,I-LOC
.,I-LOC
No,O
resolution,O
after,O
making,O
complaint,O
.,O
State,O
government,O
will,O
be,O
no,O
more,O
in,O
the,O
power,O
.,O
Time,O
for,O
change,O
in,O
government,O
.,O
Sentence #21,
@,O
ArvindKejriwal,B-PER
Sir,O
we,O
are,O
living,O
in,O
hell,O
(,O
sangam,O
vihar,B-LOC
south,I-LOC
DelhI,I-LOC
),B-LOC
there,O
is,O
no,O
water,O
for,O
our,O
gali,B-LOC
no.4,I-LOC
I,B-LOC
block,I-LOC
.,O
Ur,O
MLA,O
and,O
COUNSELLOR,O
ignore,O
our,O
problem,O
.,O
Take,O
some,O
positive,O
action,O
Sentence #22,
Sir,O
Ji,O
ye,O
batao,O
humare,O
gharo,O
m,O
saaf,O
paani,O
kb,O
ayega,O
1,O
mahina,O
ho,O
gya,O
naliyo,O
ka,O
paani,O
arha,O
h,O
Sentence #23,
Gali,B-LOC
no,I-LOC
.,I-LOC
17/2,I-LOC
rishi,B-LOC
kardham,I-LOC
marg,I-LOC
chauhan,B-LOC
banger,I-LOC
Seelampur,B-LOC
New,B-LOC
DelhI,I-LOC
110053,I-LOC
Sentence #24,
@,O
ArvindKejriwal,B-PER
.,O
Sunny,O
Kumar,B-MISC
RZ,I-MISC
F,B-LOC
131,I-LOC
GALI,B-LOC
NO,I-LOC
4,I-LOC
Mahavir,B-LOC
enclave,I-LOC
palam,B-LOC
.,B-LOC
Delhi,B-LOC
.,B-LOC
.,O
@,O
ArvindKejriwal,B-PER
Sentence #25,
@,
suraiya95,B-PER
illegal,O
construction,O
supported,O
by,O
department,O
at,O
House,B-LOC
no,I-LOC
1170,I-LOC
Gali,B-LOC
no,I-LOC
12,I-LOC
Govind,B-LOC
PurI,I-LOC
New,B-LOC
DelhI,I-LOC
110019,B-LOC
Sentence #26,
NAME,O
:,O
Nidhi,B-PER
floor,B-PER
Gali,B-LOC
No,I-LOC
7,I-LOC
Subhash,B-LOC
Park,I-LOC
Naveen,B-LOC
Shahadra,B-LOC
DelhI,I-ORG
CONTACT,B-LOC
NO,I-MISC
.,I-MISC
:,O
9871425937,O
KNO:4915755199,O
ISSUE,O
:,O
water,O
supply,O
issue,O
since,O
yesterday,O
evening,B-TIM
to,I-TIM
till,O
now,O
..,O
Please,O
expedite,O
on,O
priority,O
Sentence #27,
@,O
DelhiJalBoard,B-ORG
Hi,O
water,O
supply,O
is,O
not,O
coming,O
since,O
yesterday,O
evening,O
in,O
my,O
area,O
(,O
galI,B-LOC
no,I-LOC
.,I-LOC
7,I-LOC
Subhash,B-LOC
Park,I-LOC
Naveen,B-LOC
Shahadra,I-LOC
DelhI,B-LOC
-,I-LOC
32,I-LOC
),O
and,O
I,O
am,O
tried,O
all,O
attached,O
phone,O
no,O
including,O
toll,O
free,O
but,O
no,O
luck,O
.,O
Can,O
you,O
open,O
the,O
water,O
supply,O
in,O
my,O
area,O
and,O
what,O
is,O
the,O
problem,O
?,O
pic.twitter.com/geLVmGucCP,O
Sentence #28,
@,O
ArvindKejriwal,B-PER
.,O
Sunny,O
Kumar,B-MISC
RZ,I-MISC
F,B-LOC
131,I-LOC
GALI,B-LOC
NO,I-LOC
4,I-LOC
Mahavir,B-LOC
enclave,I-LOC
palam,B-LOC
.,B-LOC
Delhi,B-LOC
.,B-LOC
.,O
@,O
ArvindKejriwal,B-PER
Sentence #29,
@,O
suraiya95,B-PER
illegal,O
construction,O
supported,O
by,O
department,O
at,O
House,B-LOC
no,I-LOC
1170,I-LOC
Gali,B-LOC
no,I-LOC
12,I-LOC
Govind,B-LOC
PurI,I-LOC
New,B-LOC
DelhI,I-LOC
110019,B-LOC
Sentence #30,
NAME,O
:,O
Nidhi,O
floor,B-PER
Gali,B-LOC
No,I-LOC
7,I-LOC
Subhash,B-LOC
Park,I-LOC
Naveen,B-LOC
Shahadra,I-LOC
DelhI,B-LOC
CONTACT,B-LOC
NO,I-MISC
.,I-MISC
:,O
9871425937,O
KNO:4915755199,O
ISSUE,O
:,O
water,O
supply,O
issue,O
since,O
yesterday,O
evening,B-TIM
to,I-TIM
till,O
now,O
..,O
Please,O
expedite,O
on,O
priority,O
Sentence #31,
@,O
DelhiJalBoard,B-ORG
Hi,O
water,O
supply,O
is,O
not,O
coming,O
since,O
yesterday,O
evening,O
in,O
my,O
area,O
(,O
galI,B-LOC
no,I-LOC
.,I-LOC
7,I-LOC
Subhash,B-LOC
Park,I-LOC
Naveen,B-LOC
Shahadra,I-LOC
DelhI,B-LOC
-,I-LOC
32,I-LOC
),O
and,O
I,O
am,O
tried,O
all,O
attached,O
phone,O
no,O
including,O
toll,O
free,O
but,O
no,O
luck,O
.,O
Can,O
you,O
open,O
the,O
water,O
supply,O
in,O
my,O
area,O
and,O
what,O
is,O
the,O
problem,O
?,O
pic.twitter.com/geLVmGucCP,O
Sentence #32,
Dear,O
Team,O
Please,I-PER
find,O
the,O
issue,O
details,O
.,O
Name,O
-,O
Yogender,B-PER
Verma,I-PER
Contact,I-ORG
No,I-ORG
-,O
7840048888,O
Address,O
-,O
P,B-LOC
block,I-LOC
galI,B-LOC
No,I-LOC
5,I-LOC
Rajnagar,B-LOC
2,I-LOC
Palam,B-LOC
Colony,I-LOC
New,B-LOC
DelhI,I-LOC
110077,B-LOC
.,O
KNo,O
-,O
8004221000,O
Issue,O
-,O
No,O
Supply,O
of,O
water,O
from,O
last,O
few,O
days,B-TIM
and,O
if,O
supply,O
is,O
there,O
then,O
it,O
s,O
very,O
dirty,O
.,O
Sentence #33,
I,O
was,O
the,O
receiver,O
myself,O
.,O
The,O
address,O
is,O
D69,B-LOC
Gali,B-LOC
no,I-LOC
2,I-LOC
60,B-LOC
feet,I-LOC
road,I-LOC
D,B-LOC
Block,I-LOC
Pocket,B-LOC
C,I-LOC
Ambedkar,B-LOC
Colony,I-LOC
Chhatarpur,B-LOC
New,B-LOC
DelhI,I-LOC
.,O
Contact,O
no,O
9845320500,B-MISC
Sentence #34,
Dear,O
Team,O
Please,O
find,O
the,O
issue,O
details,O
.,O
Name,O
-,O
Yogender,B-PER
Verma,I-PER
Contact,O
No,O
-,O
7840048888,O
Address,O
-,O
P,B-LOC
block,I-LOC
galI,B-LOC
No,I-LOC
5,I-LOC
Rajnagar,B-LOC
2,B-LOC
Palam,I-LOC
Colony,I-LOC
New,B-LOC
DelhI,I-LOC
110077,B-LOC
.,O
KNo,O
-,O
8004221000,O
Issue,O
-,O
No,O
Supply,O
of,O
water,O
from,O
last,O
few,O
days,O
and,O
if,O
supply,O
is,O
there,O
then,O
it,O
s,O
very,O
dirty,O
.,O
Sentence #35,
I,O
was,O
the,O
receiver,O
myself,O
.,O
The,O
address,O
is,O
D69,B-LOC
Gali,B-LOC
no,I-LOC
2,I-LOC
60,B-LOC
feet,I-LOC
road,B-LOC
D,B-LOC
Block,I-LOC
Pocket,B-LOC
C,I-LOC
Ambedkar,B-LOC
Colony,I-LOC
Chhatarpur,B-LOC
New,B-LOC
DelhI,I-LOC
.,O
Contact,O
no,O
9845320500,O
Sentence #36,
No,O
your,O
team,O
is,O
not,O
working,O
.,O
Just,O
tell,O
me,O
if,O
any,O
kind,O
of,O
mishappening,O
occur,O
BSES,B-ORG
will,O
be,O
responsible,O
.,O
I,O
already,O
lodge,O
a,O
police,O
complaint,O
against,O
bses,B-ORG
.,O
tomorrow,B-PER
I,O
will,O
call,O
the,O
electronic,O
media,O
.,O
Regards,O
Varun,B-PER
kumar,I-PER
8178877455,O
A1/19,B-LOC
galI,B-LOC
number,I-LOC
1,I-LOC
Raja,B-LOC
purI,I-LOC
Uttam,B-LOC
nagar,I-LOC
DelhI,B-LOC
Sentence #37,
@,O
DelhiJalBoard,B-ORG
NAME,O
:,O
ZILEDAR,B-PER
VERMA,I-PER
ADDRESS,O
:,O
B,B-LOC
161,I-LOC
MANDAWALI,B-LOC
GALI,I-LOC
NO,B-LOC
.,I-LOC
16,I-LOC
DelhI,B-LOC
CONTACT,O
NO,O
.,O
:,O
9873839485,O
KNO,O
:,O
3898089330,O
ISSUE,O
:,O
Sir,O
I,O
have,O
received,O
estimate,O
bill,O
from,O
last,O
3,O
time,O
.,O
I,O
have,O
give,O
an,O
application,O
to,O
Preet,B-LOC
Vihar,I-LOC
Room,B-LOC
no,I-LOC
.,I-LOC
14,I-LOC
.,O
Its,O
complain,O
no,O
21,O
After,O
1,O
month,O
no,O
responce,O
pic.twitter.com/DSyWwwkK30,O
Sentence #38,
NAME,O
:,O
ZILEDAR,B-PER
VERMA,I-PER
ADDRESS,O
:,O
B,B-LOC
161,I-LOC
MANDAWALI,B-LOC
GALI,I-LOC
NO,B-LOC
.,I-LOC
16,I-LOC
DelhI,B-LOC
CONTACT,O
NO,O
.,O
:,O
9873839485,O
KNO,O
:,O
3898089330,O
ISSUE,O
:,O
Sir,O
I,O
have,O
received,O
estimate,O
bill,O
from,O
last,O
3,O
time,O
.,O
I,O
have,O
give,O
an,O
application,O
to,O
Preet,B-LOC
Vihar,I-LOC
Room,B-LOC
no,I-LOC
.,I-LOC
14,I-LOC
.,O
Its,O
complain,O
no,O
.,O
21,O
.,O
After,O
one,O
month,O
no,O
responce,O
pic.twitter.com/OaFJUPIakr,O
Sentence #39,
Prabhu,O
dayal,O
9971177428,O
D-101,B-LOC
galI,B-LOC
no,I-LOC
.,I-LOC
4,I-LOC
ganga,B-LOC
vihar,I-LOC
DelhI,B-LOC
94,I-LOC
Poll,O
no,O
.,O
254,O
with,O
2,O
pillar,O
more,O
near,O
by,O
Street,O
light,B-ORG
not,O
working,O
Sentence #40,
@,O
bsesdelhi,O
4TH,O
REMINDER,O
NO,O
ACTION,O
&,O
NO,O
REPLY,O
YOUR,O
SIDE,O
?,O
Sentence #41,
LOW,O
VOLTAGE,O
PROBLEM,O
LAST,O
4,O
MONTH,O
IN,O
MAHAVEER,B-LOC
ENCLAVE,I-LOC
GALI,B-LOC
NO-1,I-LOC
D,B-LOC
PALAM,I-LOC
NEW,B-LOC
DELHI-110045,I-LOC
Sentence #42,
CA,O
NO-103409954,O
Sentence #43,
@,O
SatyendarJain,O
Sentence #44,
9TH,O
REMINDER,O
NO,O
ACTION,O
&,O
NO,O
REPLY,O
YOUR,O
SIDE,O
?,O
Sentence #45,
LOW,O
VOLTAGE,O
PROBLEM,O
LAST,O
4,O
MONTH,O
IN,O
MAHAVEER,B-LOC
ENCLAVE,I-LOC
GALI,B-LOC
NO-1,I-LOC
D,B-LOC
PALAM,B-LOC
NEW,B-LOC
DELHI-110045,I-LOC
Sentence #46,
CA,O
NO-103409954,O
Sentence #47,
9TH,O
REMINDER,O
NO,O
ACTION,O
&,O
NO,O
REPLY,O
YOUR,O
SIDE,O
?,O
Sentence #48,
LOW,O
VOLTAGE,O
PROBLEM,O
LAST,O
4,O
MONTH,O
IN,O
MAHAVEER,B-LOC
ENCLAVE,I-LOC
GALI,B-LOC
NO-1,I-LOC
D,B-LOC
PALAM,B-LOC
NEW,B-LOC
DELHI-110045,I-LOC
Sentence #49,
CA,O
NO-103409954,O
https,O
:,O
//twitter.com/MohammedAyaz20/status/1168455817537843200,O
Sentence #50,
Sewers,O
Choked,O
in,O
Gali,B-LOC
No,I-LOC
.,I-LOC
4,I-LOC
Ashok,B-LOC
Mohalla,I-LOC
Bhooton,I-LOC
Wali,I-LOC
Gali,I-LOC
Nangloi,B-LOC
Jat,I-LOC
Delhi,B-LOC
41,I-LOC
.,O
Dirty,O
water,O
entering,O
into,O
houses,O
.,O
RWA,O
Ashok,B-PER
Mohalla,I-PER
@,O
ArvindKejriwal,B-PER
@,O
SatyendarJain,B-PER
@,O
kgahlot,O
@,O
DelhiJalBoard,B-ORG
@,O
MCDDelhI,B-ORG
@,O
north_mcd,B-ORG
@,O
northdelhimayor,B-ORG
@,O
NorthDmc,B-ORG
@,O
NorthMonitoring,O
@,O
LtGovDelhI,B-PER
,B-LOC
Sentence #51,
@,O
ArvindKejriwal,B-PER
Sir,O
munda,B-LOC
metro,I-LOC
piller,O
no.509,O
ke,O
samne,O
galI,O
me,O
DelhI,B-ORG
jal,I-ORG
board,I-ORG
ka,O
karya,O
feb.,O
2019,O
me,O
hua,O
tha,O
wah,O
galI,O
aaj,O
tak,O
repair,O
nahi,O
hui,O
hai,O
.,O
Repairing,O
incharge,O
ko,O
100,O
times,O
phone,O
par,O
bata,O
chuke,O
hai,O
.,O
Lekin,O
koi,O
action,O
nahi,O
jo,O
raha,O
hai,O
.,O
Sentence #52,
@,O
IndiaPostOffice,B-ORG
@,O
cpmgDelhI,B-ORG
parcel,O
CM569812563IN,O
shows,O
delivered,O
but,O
not,O
received,O
by,O
person,O
plz,O
share,O
pod,O
slip,O
asap,O
Aadya,O
/993,O
galI,B-LOC
no,I-LOC
5,I-LOC
chand,B-LOC
mohalla,I-LOC
.,O
Gandhi,B-LOC
nagar,I-LOC
DelhI,B-LOC
NEW,B-LOC
DelhI,I-LOC
DELHI,B-LOC
110031,I-LOC
Sentence #53,
No,O
your,O
team,O
is,O
not,O
working,O
.,O
Just,O
tell,O
me,O
if,O
any,O
kind,O
of,O
mishappening,O
occur,O
BSES,O
will,O
be,O
responsible,O
.,O
I,O
already,O
lodge,O
a,O
police,O
complaint,O
against,O
bses,O
.,O
tomorrow,O
I,O
will,O
call,O
the,O
electronic,O
media,O
.,O
Regards,O
Varun,O
kumar,O
8178877455,O
A1/19,B-LOC
galI,B-LOC
number,I-LOC
1,I-LOC
Raja,B-LOC
purI,I-LOC
Uttam,B-LOC
nagar,I-LOC
DelhI,B-LOC
Sentence #54,
@,O
DelhiJalBoard,B-ORG
NAME,O
:,O
ZILEDAR,B-PER
VERMA,I-PER
ADDRESS,O
:,O
B,B-LOC
161,I-LOC
MANDAWALI,B-LOC
GALI,B-LOC
NO,I-LOC
.,I-LOC
16,I-LOC
DelhI,B-LOC
CONTACT,O
NO,O
.,O
:,O
9873839485,O
KNO,O
:,O
3898089330,O
ISSUE,O
:,O
Sir,O
I,O
have,O
received,O
estimate,O
bill,O
from,O
last,O
3,O
time,O
.,O
I,O
have,O
give,O
an,O
application,O
to,O
Preet,B-LOC
Vihar,I-LOC
Room,O
no,O
.,O
14,O
.,O
Its,O
complain,O
no,O
21,O
After,O
1,O
month,O
no,O
responce,O
pic.twitter.com/DSyWwwkK30,O
Sentence #55,
NAME,O
:,O
ZILEDAR,B-PER
VERMA,I-PER
ADDRESS,O
:,O
B,B-LOC
161,I-LOC
MANDAWALI,B-LOC
GALI,B-LOC
NO,I-LOC
.,I-LOC
16,I-LOC
DelhI,B-LOC
CONTACT,O
NO,O
.,O
:,O
9873839485,O
KNO,O
:,O
3898089330,O
ISSUE,O
:,O
Sir,O
I,O
have,O
received,O
estimate,O
bill,O
from,O
last,O
3,O
time,O
.,O
I,O
have,O
give,O
an,O
application,O
to,O
Preet,B-LOC
Vihar,I-LOC
Room,O
no,O
.,O
14,O
.,O
Its,O
complain,O
no,O
.,O
21,O
.,O
After,O
one,O
month,O
no,O
responce,O
pic.twitter.com/OaFJUPIakr,O
Sentence #56,
Prabhu,O
dayal,O
9971177428,O
D-101,B-LOC
galI,B-LOC
no,I-LOC
.,I-LOC
4,I-LOC
ganga,B-LOC
vihar,I-LOC
DelhI,B-LOC
94,I-LOC
Poll,O
no,O
.,O
254,O
with,O
2,O
pillar,O
more,O
near,O
by,O
Street,O
light,O
not,O
working,O
Sentence #57,
@,O
bsesdelhi,O
4TH,O
REMINDER,O
NO,O
ACTION,O
&,O
NO,O
REPLY,O
YOUR,O
SIDE,O
?,O
Sentence #58,
LOW,O
VOLTAGE,O
PROBLEM,O
LAST,O
4,O
MONTH,O
IN,O
MAHAVEER,B-LOC
ENCLAVE,I-LOC
GALI,B-LOC
NO-1,I-LOC
D,O
PALAM,B-LOC
NEW,I-LOC
DELHI-110045,B-LOC
Sentence #59,
CA,I-MISC
NO-103409954,O
Sentence #60,
@,O
SatyendarJain,O
Sentence #61,
9TH,O
REMINDER,O
NO,O
ACTION,O
&,O
NO,O
REPLY,O
YOUR,O
SIDE,O
?,O
Sentence #62,
LOW,O
VOLTAGE,O
PROBLEM,O
LAST,O
4,O
MONTH,O
IN,O
MAHAVEER,B-LOC
ENCLAVE,I-LOC
GALI,B-LOC
NO-1,I-LOC
D,O
PALAM,B-LOC
NEW,B-LOC
DELHI-110045,I-LOC
Sentence #63,
CA,I-MISC
NO-103409954,O
Sentence #64,
9TH,O
REMINDER,O
NO,O
ACTION,O
&,O
NO,O
REPLY,O
YOUR,O
SIDE,O
?,O
Sentence #65,
LOW,O
VOLTAGE,O
PROBLEM,O
LAST,O
4,O
MONTH,O
IN,O
MAHAVEER,B-LOC
ENCLAVE,I-LOC
GALI,B-LOC
NO-1,I-LOC
D,O
PALAM,B-LOC
NEW,B-LOC
DELHI-110045,I-LOC
Sentence #66,
CA,I-MISC
NO-103409954,O
https,O
:,O
//twitter.com/MohammedAyaz20/status/1168455817537843200,O
Sentence #67,
Sewers,O
Choked,O
in,O
Gali,B-LOC
No,I-LOC
.,I-LOC
4,I-LOC
Ashok,B-LOC
Mohalla,I-LOC
Bhooton,I-LOC
Wali,I-LOC
Gali,I-LOC
Nangloi,B-LOC
Jat,I-LOC
Delhi,B-LOC
41,I-LOC
.,O
Dirty,O
water,O
entering,O
into,O
houses,O
.,O
RWA,O
Ashok,O
Mohalla,O
@,O
ArvindKejriwal,B-PER
@,O
SatyendarJain,B-PER
@,O
kgahlot,O
@,O
DelhiJalBoard,B-ORG
@,O
MCDDelhI,B-ORG
@,O
north_mcd,B-ORG
@,O
northdelhimayor,B-ORG
@,O
NorthDmc,B-ORG
@,O
NorthMonitoring,B-ORG
@,O
LtGovDelhI,B-ORG
Sentence #68,
@,O
ArvindKejriwal,B-PER
Sir,O
munda,B-LOC
metro,I-LOC
piller,I-LOC
no.509,O
ke,O
samne,O
galI,B-LOC
me,O
DelhI,B-ORG
jal,I-ORG
board,I-ORG
ka,O
karya,O
feb.,O
2019,O
me,O
hua,O
tha,O
wah,O
galI,O
aaj,O
tak,O
repair,O
nahi,O
hui,O
hai,O
.,O
Repairing,O
incharge,O
ko,O
100,O
times,O
phone,O
par,O
bata,O
chuke,O
hai,O
.,O
Lekin,O
koi,O
action,O
nahi,O
jo,O
raha,O
hai,O
.,O
Sentence #69,
@,O
IndiaPostOffice,B-ORG
@,O
cpmgDelhI,B-ORG
parcel,O
CM569812563IN,O
shows,O
delivered,O
but,O
not,O
received,O
by,O
person,O
plz,O
share,O
pod,O
slip,O
asap,O
Aadya,O
/993,O
galI,B-LOC
no,I-LOC
5,I-LOC
chand,B-LOC
mohalla,I-LOC
.,O
Gandhi,B-LOC
nagar,I-LOC
DelhI,B-LOC
NEW,B-LOC
DelhI,I-LOC
DELHI,B-LOC
110031,I-LOC
Sentence #70,
Nice,O
work,O
Sir,O
ji,O
Mai,O
south,B-LOC
DelhI,I-LOC
sangam,B-LOC
vihar,I-LOC
I,B-LOC
block,I-LOC
galI,B-LOC
no.4,I-LOC
me,O
rahta,O
hu,O
hamare,O
bor,O
par,O
kabja,O
kar,O
rakha,O
hai,O
paani,O
milta,O
nahi,O
koi,O
naya,O
connection,O
hone,O
nahi,O
dete,O
dusra,O
bor,O
wala,O
darta,O
hai,O
inse,O
khud,O
ko,O
pura,O
pani,O
mil,O
raha,O
hai,O
dard,O
ka,O
ahsaas,O
kaha,O
se,O
hoga,O
.Plz,O
help,O
Sentence #71,
@,O
DelhiJalBoard,B-ORG
@,O
ArvindKejriwal,B-PER
@,O
msisodia,O
@,O
mcd,O
I,O
m,O
manish,O
jajoo.i,O
live,O
in,O
http,O
:,O
//delhi.My,O
address,O
180,O
East,B-LOC
azad,I-LOC
nagar,I-LOC
Gali,B-LOC
no.7,I-LOC
Delhi=51.I,B-LOC
hv,O
lodged,O
sewer,O
complaint.But,O
no,O
one,O
come,O
to,O
solve,O
problem.The,O
sewer,O
water,O
come,O
in,O
my,O
home.We,O
r,O
sufering,O
for,O
this,O
situation.Plz,O
help,O
Sentence #72,
@,O
DelhiJalBoard,B-ORG
@,O
ArvindKejriwal,B-PER
@,O
msisodia,O
I,O
m,O
manish,O
jajoo.i,O
live,O
in,O
http,O
:,O
//delhi.my,O
address,O
is,O
180,O
East,B-LOC
azad,I-LOC
nagar,I-LOC
Gali,B-LOC
no.7,I-LOC
Delhi=51.I,B-LOC
have,O
lodged,O
sewer,O
complaint.But,O
no,O
one,O
come,O
to,O
solve,O
problem.The,O
sewer,O
water,O
come,O
in,O
my,O
home.We,O
r,O
sufering,O
for,O
this,O
situation.Plz,O
help,O
Sentence #73,
@,O
GopalJi_Tandon,O
NAMASKAR,O
Sir,O
BIJNOR,O
MAIN,B-LOC
FIRDOUS,I-LOC
BAGH,I-LOC
QAZI,O
PARA,O
JUNUBI,O
BIJNOR,O
MAIN,O
WASIM,O
PATRKAR,O
KE,O
GHAR,O
KE,O
SAMNE,O
SE,O
MANDIR,O
WALI,O
GALI,O
NAVED,O
DelhI,O
VALEY,O
KE,O
MAKAN,O
SE,O
RIHANA,O
CAR,O
WALI,O
KE,O
MAKAN,O
TAK,O
CC,O
ROAD,O
NALI,O
NIRMAN,O
KE,O
ORDER,O
JANHIT,O
MAIN,O
REQUEST,O
BJP,O
SENIOR,O
WORKER,O
NO,O
1000980533,O
NMSTE,O
Sentence #74,
Nice,O
work,O
Sir,O
ji,O
Mai,O
south,B-LOC
DelhI,I-LOC
sangam,B-LOC
vihar,I-LOC
I,B-LOC
block,I-LOC
galI,B-LOC
no.4,I-LOC
me,O
rahta,O
hu,O
hamare,O
bor,O
par,O
kabja,O
kar,O
rakha,O
hai,O
paani,O
milta,O
nahi,O
koi,O
naya,O
connection,O
hone,O
nahi,O
dete,O
dusra,O
bor,O
wala,O
darta,O
hai,O
inse,O
khud,O
ko,O
pura,O
pani,O
mil,O
raha,O
hai,O
dard,O
ka,O
ahsaas,O
kaha,O
se,O
hoga,O
.Plz,O
help,O
Sentence #75,
@,O
DelhiJalBoard,B-ORG
@,O
ArvindKejriwal,B-PER
@,O
msisodia,O
@,O
mcd,O
I,O
m,O
manish,O
jajoo.i,O
live,O
in,O
http,O
:,O
//delhi.My,O
address,O
180,O
East,O
azad,B-LOC
nagar,I-LOC
Gali,I-LOC
no.7,B-LOC
Delhi=51.I,B-LOC
hv,O
lodged,O
sewer,O
complaint.But,O
no,O
one,O
come,O
to,O
solve,O
problem.The,O
sewer,O
water,O
come,O
in,O
my,O
home.We,O
r,O
sufering,O
for,O
this,O
situation.Plz,O
help,O
Sentence #76,
@,O
DelhiJalBoard,B-ORG
@,O
ArvindKejriwal,B-PER
@,O
msisodia,O
I,O
m,O
manish,O
jajoo.i,O
live,O
in,O
http,O
:,O
//delhi.my,O
address,O
is,O
180,O
East,O
azad,B-LOC
nagar,I-LOC
Gali,I-LOC
no.7,B-LOC
Delhi=51.I,B-LOC
have,O
lodged,O
sewer,O
complaint.But,O
no,O
one,O
come,O
to,O
solve,O
problem.The,O
sewer,O
water,O
come,O
in,O
my,O
home.We,O
r,O
sufering,O
for,O
this,O
situation.Plz,O
help,O
Sentence #77,
@,O
GopalJi_Tandon,B-PER
NAMASKAR,O
Sir,O
BIJNOR,O
MAIN,B-LOC
FIRDOUS,I-LOC
BAGH,I-LOC
QAZI,O
PARA,O
JUNUBI,O
BIJNOR,O
MAIN,O
WASIM,O
PATRKAR,O
KE,O
GHAR,O
KE,O
SAMNE,O
SE,O
MANDIR,O
WALI,O
GALI,O
NAVED,O
DelhI,O
VALEY,O
KE,O
MAKAN,O
SE,O
RIHANA,O
CAR,O
WALI,O
KE,O
MAKAN,O
TAK,O
CC,O
ROAD,O
NALI,O
NIRMAN,O
KE,O
ORDER,O
JANHIT,O
MAIN,O
REQUEST,O
BJP,O
SENIOR,O
WORKER,O
NO,O
1000980533,O
NMSTE,O
Sentence #78,
Mam,O
thank,O
you,O
for,O
showing,O
concern,O
My,O
phone,O
no,O
-9999023196,O
Address-,O
B-111,B-LOC
Kiran,B-LOC
garden,I-LOC
Hanuman,B-LOC
Mandir,I-LOC
road,I-LOC
galI,B-LOC
no-10,I-LOC
Uttam,B-LOC
Nagar,I-LOC
New,B-LOC
DelhI,I-LOC
Sentence #79,
@,O
JioCare,B-ORG
@,O
reliancejio,B-ORG
lives,O
in,O
Laxmi,B-LOC
Nagar,I-LOC
D-Block,B-LOC
Gali,B-LOC
No,I-LOC
.,I-LOC
11,I-LOC
Delhi,B-LOC
110092,I-LOC
..,O
There,O
is,O
no,O
network,O
of,O
Jio,O
SIM,O
here,O
..,O
mostly,O
SIM,O
goes,O
off,O
bcoz,O
of,O
week,O
network,O
..,O
Registered,O
complaint,O
many,O
times,O
but,O
still,O
no,O
solution,O
..,O
Plzz,O
fix,O
this,O
before,O
we,O
switch,O
to,O
other,O
network,O
.,O
Sentence #80,
@,O
bsesdelhi,B-ORG
2,O
2,O
:,O
Block,B-LOC
-B,I-LOC
Gali,B-LOC
no-6,I-LOC
shastipark,B-LOC
Near,O
jain,O
mandir,O
Delhi,B-LOC
-110053,I-LOC
SERVICE,O
CENTER,O
SEELAMPUR,B-LOC
MOB,O
:,O
-9873003898,O
CHANDRAKANT,O
DUBEY,O
Sentence #81,
Mam,O
thank,O
you,O
for,O
showing,O
concern,O
My,O
phone,O
no,O
-9999023196,O
Address-,O
B-111,B-LOC
Kiran,B-LOC
garden,I-LOC
Hanuman,B-LOC
Mandir,I-LOC
road,I-LOC
galI,B-LOC
no-10,I-LOC
Uttam,B-LOC
Nagar,I-LOC
New,B-LOC
DelhI,I-LOC
Sentence #82,
@,O
JioCare,B-ORG
@,O
reliancejio,B-ORG
lives,O
in,O
Laxmi,B-LOC
Nagar,I-LOC
D-Block,B-LOC
Gali,B-LOC
No,I-LOC
.,I-LOC
11,I-LOC
Delhi,B-LOC
110092,I-LOC
..,O
There,O
is,O
no,O
network,O
of,O
Jio,B-ORG
SIM,O
here,O
..,O
mostly,O
SIM,O
goes,O
off,O
bcoz,O
of,O
week,O
network,O
..,O
Registered,O
complaint,O
many,O
times,O
but,O
still,O
no,O
solution,O
..,O
Plzz,O
fix,O
this,O
before,O
we,O
switch,O
to,O
other,O
network,O
.,O
Sentence #83,
@,O
bsesdelhi,B-ORG
2,O
2,O
:,O
Block,B-LOC
-B,I-LOC
Gali,B-LOC
no-6,I-LOC
shastipark,B-LOC
Near,O
jain,O
mandir,O
Delhi,B-LOC
-110053,I-LOC
SERVICE,O
CENTER,O
SEELAMPUR,B-LOC
MOB,O
:,O
-9873003898,O
CHANDRAKANT,O
DUBEY,O
Sentence #84,
We,O
Are,O
Ready,O
To,O
Take,O
Your,O
Order,O
For,O
Printing,O
Job,O
Work,O
.,O
Sentence #85,
Shivansh,O
Enterprises,O
Printing,O
Quality,O
Is,O
Matter,O
!,O
#,O
GraphicDesigning,O
#,O
Printing,O
#,O
Advertising,O
#,O
Branding,O
#,O
Etc,O
..,O
Mobile,O
:,O
+91,O
9999081545,O
D-369,B-LOC
Gali,B-LOC
No,I-LOC
.,I-LOC
13,I-LOC
Laxmi,B-LOC
Nagar,I-LOC
Delhi-110092,B-LOC
Email,O
:,O
shivanshenterprises.in,O
@,O
gmail.com,O
pic.twitter.com/Y9ozOyBTvK,O
Sentence #86,
On,O
August,O
30,O
a,O
23-year-old,O
boy,O
Sahil,B-PER
singh,I-PER
was,O
allegedly,O
beaten,O
to,O
death,O
by,O
a,O
mob,O
in,O
Gali,B-LOC
No.5,I-LOC
Vijay,B-LOC
Park,I-LOC
in,O
Delhis,B-LOC
Maujpur,B-LOC
.,O
Sentence #87,
@,O
anusuya_som,O
visits,O
the,O
spot,O
where,O
the,O
incident,O
took,O
place,O
to,O
find,O
out,O
what,O
exactly,O
happened.https,O
:,O
//www.newslaundry.com/2019/09/06/newdelhi-what-happened-in-gali-no-5,O
Sentence #88,
My,O
contact,O
no,O
.,O
8527565552,O
pole,O
no,O
I,O
dont,O
know,O
.,O
Location,O
galI,B-LOC
no,I-LOC
1,I-LOC
b,B-LOC
block,I-LOC
Harsh,O
Vihar,B-LOC
DelhI,B-LOC
.,I-LOC
110093,I-LOC
Sentence #89,
@,O
EastDelhiMCD,B-ORG
Sentence #90,
Garbage,O
van,O
not,O
come,O
daily,O
our,O
in,O
our,O
street,O
for,O
lifting,O
litter,O
our,O
address,O
is,O
Devesh,B-PER
Aggarwal,I-PER
4650/15,B-LOC
Gali,B-LOC
No.8,I-LOC
New,B-LOC
Modern,I-LOC
Shahdara,I-LOC
DelhI,B-LOC
110032,I-LOC
Sentence #91,
@,O
ArvindKejriwal,B-PER
Hello,O
Sir,O
I,O
m,O
ashok,B-PER
kumar,I-PER
from,O
Ashok,B-LOC
nagar,I-LOC
galI,B-LOC
No,I-LOC
20,I-LOC
Ashok,B-LOC
nagar,I-LOC
shahdara,B-LOC
delhi-110093,B-LOC
Sir,O
galI,B-LOC
no,I-LOC
.,I-LOC
20,I-LOC
repair,O
for,O
last,O
45,O
days,O
.,O
So,O
we,O
are,O
suffer,O
lots,O
of,O
problems,O
.,O
Sir,O
please,O
look,O
into,O
the,O
letter,O
ASAP,O
.,O
pic.twitter.com/kCYummjqRe,O
at,O
Ashok,B-LOC
Nagar,I-LOC
Sentence #92,
@,O
RailMinIndia,B-ORG
Hello,O
Sir,O
me,O
New,B-LOC
DelhI,I-LOC
to,O
Silchar,B-LOC
train,O
no,O
(,O
15602,O
),O
train,O
me,O
travel,O
Kar,O
rha,O
hu,O
meri,O
Seat,O
RAC,O
he,O
Mene,O
t.t.e,O
Se,O
seat,O
confirm,O
ki,O
request,O
ki,O
to,O
usni,O
mujhe,O
Gali,O
galoj,O
Kiya,O
or,O
Marne,O
ki,O
dhamki,O
di,O
Mera,O
pnr,O
no,O
.,O
2748005009,O
Sentence #93,
The,O
correct,O
address,O
is-,O
house,O
no,O
.,O
94,O
DHOOM,B-LOC
singh,I-LOC
Marg,I-LOC
prem,B-LOC
nagar,I-LOC
karawal,B-LOC
nagar,I-LOC
Delhi110094,B-LOC
.,O
And,O
employee,O
mention,O
wrong,O
address,O
Gali,B-LOC
number,I-LOC
4,I-LOC
prem,B-LOC
nagar,I-LOC
karawal,B-LOC
nagar,I-LOC
delhi-110094,B-LOC
Sentence #94,
@,O
bsesDelhI,O
There,O
are,O
no,O
power,O
at,O
A,O
block,O
part-6,O
Gali,B-LOC
No.17,I-LOC
Sonia,B-LOC
Vihar,I-LOC
DelhI,B-LOC
C.A,I-LOC
.,O
No,O
101339600,O
Sentence #95,
@,O
bsesDelhI,B-ORG
There,O
are,O
no,O
power,O
at,O
A,B-LOC
block,I-LOC
part-6,B-LOC
Gali,B-LOC
No.17,I-LOC
Sonia,B-LOC
Vihar,I-LOC
DelhI,B-LOC
C.A,O
.,O
No,O
101339600,O
Sentence #96,
@,O
IndiaPostOffice,B-ORG
@,O
cpmgDelhI,B-ORG
complain,B-LOC
2nd,O
time,O
parcel,O
CM569812563IN,O
shows,O
delivered,O
but,O
not,O
received,O
by,O
person,O
plz,O
share,O
pod,O
slip,O
asap,O
Aadya,O
/993,O
galI,B-LOC
no,I-LOC
5,I-LOC
chand,B-LOC
mohalla,I-LOC
.,O
Gandhi,B-LOC
nagar,I-LOC
DelhI,B-LOC
NEW,I-LOC
DelhI,B-LOC
DELHI,B-LOC
110031,I-LOC
Sentence #97,
7,
19,O
-,O
08:00,O
-,O
Gali,B-LOC
No,I-LOC
.,I-LOC
5,I-LOC
Pyare,B-LOC
Kapahi,I-LOC
Marg,I-LOC
Majlis,B-LOC
Park,I-LOC
Delhi,B-LOC
-,I-LOC
33,I-LOC
Sentence #98,
``,O
``,O
pic.twitter.com/h76dK52ypp,O
Sentence #99,
We,O
Are,O
Ready,O
To,O
Take,O
Your,O
Order,O
For,O
Printing,O
Job,O
Work,O
.,O
Sentence #100,
Shivansh,O
Enterprises,O
Printing,O
Quality,O
Is,O
Matter,O
!,O
#,O
GraphicDesigning,O
#,O
Printing,O
#,O
Advertising,O
#,O
Branding,O
#,O
Etc,O
..,O
Mobile,O
:,O
+91,O
9999081545,O
D-369,B-LOC
Gali,B-LOC
No,I-LOC
.,I-LOC
13,I-LOC
Laxmi,B-LOC
Nagar,I-LOC
Delhi-110092,B-LOC
Email,O
:,O
shivanshenterprises.in,O
@,O
gmail.com,O
pic.twitter.com/Y9ozOyBTvK,O
Sentence #101,
On,O
August,O
30,O
a,O
23-year-old,O
boy,O
Sahil,B-PER
singh,I-PER
was,O
allegedly,O
beaten,O
to,O
death,O
by,O
a,O
mob,O
in,O
Gali,B-LOC
No.5,I-LOC
Vijay,B-LOC
Park,I-LOC
in,O
Delhis,B-LOC
Maujpur,I-LOC
.,O
Sentence #102,
@,O
anusuya_som,B-PER
visits,O
the,O
spot,O
where,O
the,O
incident,O
took,O
place,O
to,O
find,O
out,O
what,O
exactly,O
happened.https,O
:,O
//www.newslaundry.com/2019/09/06/newdelhi-what-happened-in-gali-no-5,O
Sentence #103,
My,O
contact,O
no,O
.,O
8527565552,O
pole,O
no,O
I,O
dont,O
know,O
.,O
Location,O
galI,B-LOC
no,I-LOC
1,I-LOC
b,B-LOC
block,I-LOC
Harsh,O
Vihar,B-LOC
DelhI,B-LOC
.,I-LOC
110093,I-LOC
Sentence #104,
@,O
EastDelhiMCD,B-ORG
Sentence #105,
Garbage,O
van,O
not,O
come,O
daily,O
our,O
in,O
our,O
street,O
for,O
lifting,O
litter,O
our,O
address,O
is,O
Devesh,B-PER
Aggarwal,I-PER
4650/15,B-LOC
Gali,B-LOC
No.8,I-LOC
New,B-LOC
Modern,I-LOC
Shahdara,I-LOC
DelhI,B-LOC
110032,I-LOC
Sentence #106,
@,O
ArvindKejriwal,B-PER
Hello,O
Sir,O
I,O
m,O
ashok,B-PER
kumar,I-PER
from,O
Ashok,B-LOC
nagar,I-LOC
galI,B-LOC
No,I-LOC
20,I-LOC
Ashok,B-LOC
nagar,I-LOC
shahdara,B-LOC
delhi-110093,B-LOC
Sir,O
galI,B-LOC
no,I-LOC
.,I-LOC
20,I-LOC
repair,O
for,O
last,O
45,O
days,O
.,O
So,O
we,O
are,O
suffer,O
lots,O
of,O
problems,O
.,O
Sir,O
please,O
look,O
into,O
the,O
letter,O
ASAP,O
.,O
pic.twitter.com/kCYummjqRe,O
at,O
Ashok,B-LOC
Nagar,I-LOC
Sentence #107,
@,O
RailMinIndia,O
Hello,O
Sir,O
me,O
New,B-LOC
DelhI,I-LOC
to,O
Silchar,B-LOC
train,O
no,O
(,O
15602,O
),O
train,O
me,O
travel,O
Kar,O
rha,O
hu,O
meri,O
Seat,O
RAC,O
he,O
Mene,O
t.t.e,O
Se,O
seat,O
confirm,O
ki,O
request,O
ki,O
to,O
usni,O
mujhe,O
Gali,O
galoj,O
Kiya,O
or,O
Marne,O
ki,O
dhamki,O
di,O
Mera,O
pnr,O
no,O
.,O
2748005009,O
Sentence #108,
The,O
correct,O
address,O
is-,O
house,O
no,O
.,O
94,B-LOC
DHOOM,I-LOC
singh,I-LOC
Marg,I-LOC
prem,B-LOC
nagar,I-LOC
karawal,B-LOC
nagar,I-LOC
Delhi110094,B-LOC
.,O
And,O
employee,O
mention,O
wrong,O
address,O
Gali,B-LOC
number,I-LOC
4,I-LOC
prem,B-LOC
nagar,I-LOC
karawal,B-LOC
nagar,I-LOC
delhi-110094,B-LOC
Sentence #109,
@,O
bsesDelhI,B-ORG
There,O
are,O
no,O
power,O
at,O
A,B-LOC
block,I-LOC
part-6,B-LOC
Gali,B-LOC
No.17,I-LOC
Sonia,B-LOC
Vihar,I-LOC
DelhI,B-LOC
C.A,O
.,O
No,O
101339600,O
Sentence #110,
@,O
IndiaPostOffice,B-ORG
@,O
cpmgDelhI,B-ORG
complain,O
2nd,O
time,O
parcel,O
CM569812563IN,O
shows,O
delivered,O
but,O
not,O
received,O
by,O
person,O
plz,O
share,O
pod,O
slip,O
asap,O
Aadya,O
/993,O
galI,B-LOC
no,I-LOC
5,I-LOC
chand,B-LOC
mohalla,I-LOC
.,O
Gandhi,B-LOC
nagar,I-LOC
DelhI,B-LOC
NEW,B-LOC
DelhI,I-LOC
DELHI,B-LOC
110031,I-LOC
Sentence #111,
7,O
19,O
-,O
08:00,O
-,O
Gali,B-LOC
No,I-LOC
.,I-LOC
5,I-LOC
Pyare,B-LOC
Kapahi,I-LOC
Marg,I-LOC
Majlis,B-LOC
Park,I-LOC
Delhi,B-LOC
-,I-LOC
33,I-LOC
Sentence #112,
``,O
``,O
pic.twitter.com/h76dK52ypp,O
Sentence #113,
MY,O
JIO,O
NOS,O
.,O
7678115061,O
&,O
7678185819,O
.,O
SIGNALS,O
NOT,O
COMING,O
INSIDE,O
MY,O
HOUSE,B-LOC
NO,I-LOC
.,I-LOC
7,I-LOC
GALI,B-LOC
NO,I-LOC
5,I-LOC
MOHAN,B-LOC
PARK,I-LOC
WEST,B-LOC
GURU,I-LOC
ANGAD,I-LOC
NAGAR,I-LOC
DELHI-110092,B-LOC
J.P.,B-PER
SHARMA,I-PER
Sentence #114,
@,O
SatyendarJain,B-PER
14TH,O
REMINDER,O
NO,O
ACTION,O
&,O
NO,O
REPLY,O
YOUR,O
SIDE,O
?,O
Sentence #115,
LOW,O
VOLTAGE,O
PROBLEM,O
LAST,O
4,O
MONTH,O
IN,O
MAHAVEER,B-LOC
ENCLAVE,I-LOC
GALI,B-LOC
NO-1,I-LOC
D,O
PALAM,B-LOC
NEW,B-LOC
DELHI-110045,I-LOC
Sentence #116,
CA,
NO-103409954,O
Sentence #117,
R,O
block,B-LOC
galI,B-LOC
no,I-LOC
6,I-LOC
saurabh,B-LOC
vihar,I-LOC
badarpur,B-LOC
new,B-LOC
DelhI,I-LOC
110044,I-LOC
...,O
pls,O
do,O
needful,O
on,O
urgent,O
basiis,O
https,O
:,O
//twitter.com/kum25287484/status/1170374157395255297,O
Sentence #118,
R,B-LOC
block,I-LOC
galI,B-LOC
no,I-LOC
6,I-LOC
saurabh,B-LOC
vihar,I-LOC
new,B-LOC
DelhI,I-LOC
110044,I-LOC
https,O
:,O
//twitter.com/kum25287484/status/1170372869962043393,O
Sentence #119,
Thanks,O
for,O
the,O
quick,O
turnaround,O
my,O
contact,O
details,O
is,O
9717400321,O
and,O
alternate,O
no,O
8802724351,O
address,O
is,O
A-31/137B,B-LOC
PurI,B-LOC
galI,I-LOC
no,I-LOC
.,I-LOC
3,I-LOC
Gurudwara,O
Mohalla,B-LOC
Maujpur,I-LOC
Delhi-53,I-LOC
.,I-LOC
Sentence #120,
MY,O
JIO,O
NOS,O
.,O
7678115061,O
&,O
7678185819,O
.,O
SIGNALS,O
NOT,O
COMING,O
INSIDE,O
MY,O
HOUSE,O
NO,O
.,O
7,O
GALI,B-LOC
NO,I-LOC
5,I-LOC
MOHAN,B-LOC
PARK,I-LOC
WEST,B-LOC
GURU,I-LOC
ANGAD,I-LOC
NAGAR,I-LOC
DELHI-110092,B-LOC
J.P.,B-PER
SHARMA,I-PER
Sentence #121,
@,O
SatyendarJain,B-PER
14TH,O
REMINDER,O
NO,O
ACTION,O
&,O
NO,O
REPLY,O
YOUR,O
SIDE,O
?,O
Sentence #122,
LOW,O
VOLTAGE,O
PROBLEM,O
LAST,O
4,O
MONTH,O
IN,O
MAHAVEER,B-LOC
ENCLAVE,I-LOC
GALI,B-LOC
NO-1,I-LOC
D,O
PALAM,B-LOC
NEW,B-LOC
DELHI-110045,I-LOC
Sentence #123,
CA,O
NO-103409954,O
Sentence #124,
R,B-LOC
block,I-LOC
galI,B-LOC
no,I-LOC
6,I-LOC
saurabh,B-LOC
vihar,I-LOC
badarpur,B-LOC
new,B-LOC
DelhI,I-LOC
110044,I-LOC
...,O
pls,O
do,O
needful,O
on,O
urgent,O
basiis,O
https,O
:,O
//twitter.com/kum25287484/status/1170374157395255297,O
Sentence #125,
R,B-LOC
block,I-LOC
galI,B-LOC
no,I-LOC
6,I-LOC
saurabh,O
vihar,B-LOC
new,B-LOC
DelhI,I-LOC
110044,I-LOC
https,O
:,O
//twitter.com/kum25287484/status/1170372869962043393,O
Sentence #126,
Thanks,O
for,O
the,O
quick,O
turnaround,O
my,O
contact,O
details,O
is,O
9717400321,B-MISC
and,O
alternate,O
no,O
8802724351,B-MISC
address,O
is,O
A-31/137B,B-LOC
PurI,B-LOC
galI,I-LOC
no,I-LOC
.,I-LOC
3,I-LOC
Gurudwara,B-LOC
Mohalla,I-LOC
Maujpur,B-LOC
Delhi-53,B-LOC
.,O
Sentence #127,
@,O
ArvindKejriwal,B-PER
@,O
GautamGambhir,B-PER
@,O
msisodia,B-ORG
@,O
PMOIndia,B-ORG
@,O
narendramodi,B-PER
@,O
rajnathsingh,B-PER
@,O
AmitShah,B-PER
@,O
drharshvardhan,B-PER
@,O
pwdDelhI,B-ORG
@,B-LOC
DelhiJalBoard,B-ORG
.galI,B-LOC
no,I-LOC
.,I-LOC
1,I-LOC
west,B-LOC
chander,I-LOC
nagar,I-LOC
Delhi-51,B-LOC
ye,O
pani,O
ki,O
position,O
h.,O
Pine,O
layak,O
to,O
bahut,O
dur,O
ki,O
baat,O
h,O
ye,O
pani,O
hath,O
dhone,O
layak,O
bhi,O
nhi,O
.,O
pic.twitter.com/9ErvA3odkh,O
Sentence #128,
@,O
AmitShah,B-PER
Namaste,O
Mr,O
amit,O
shah,O
Sir,O
Home,O
Minister,O
of,O
Bharat,O
Sir,O
meri,O
ek,O
frnd,O
hai,O
jyoti,O
jo,O
B,B-LOC
90,I-LOC
ram,B-LOC
marg,I-LOC
galI,B-LOC
no.1,I-LOC
mandawali,B-LOC
fazalpur,I-LOC
DelhI,B-LOC
110092,I-LOC
sadbhawna,O
apartment,O
ke,O
piche,O
Rahte,O
hain,O
ek,O
shusheel,O
chaudhary,O
name,O
ka,O
property,O
dealer,O
isne,O
meri,O
friend,O
ke,O
makaan,O
par,O
kabza,O
kar,O
liya,O
Sentence #129,
@,O
narendramodi,B-PER
Meri,O
aap,O
se,O
vinamr,O
prarthana,O
hai,O
plz,O
meri,O
frnd,O
ki,O
help,O
kar,O
dijiye,O
Sir,O
Address,O
B,B-LOC
90,I-LOC
ram,B-LOC
marg,I-LOC
galI,B-LOC
no.1,I-LOC
mandawali,B-LOC
fazalpur,I-LOC
DelhI,B-LOC
92,I-LOC
sadbhawna,O
apartment,O
ke,O
piche,O
Sentence #130,
A,B-LOC
block,I-LOC
galI,B-LOC
no,I-LOC
2,I-LOC
shukra,B-LOC
Bazar,I-LOC
hind,B-LOC
vihar,I-LOC
prem,B-LOC
nagar,I-LOC
3,I-LOC
kirari,B-LOC
suleman,I-LOC
nagar,I-LOC
DelhI,B-LOC
110086,I-LOC
call,O
8826939294,O
https,O
:,O
//twitter.com/RAHUL07822/status/1163036807522484225,O
Sentence #131,
Hi,O
I,O
am,O
facing,O
this,O
problem,O
last,O
3,B-PER
to,O
4,B-PER
months,O
after,O
changed,O
my,O
operator,O
first,O
we,O
have,O
with,O
Vodafone,O
.,O
My,O
Airtel,O
No,O
.,O
9711165258,O
Alternate,O
No,O
.,O
9891686734,O
Location,O
-,O
K-49/C,B-LOC
Gali,B-LOC
No,I-LOC
.,I-LOC
6/B,I-LOC
Mahipalpur,B-LOC
Extn,I-LOC
.,O
New,B-LOC
DelhI,I-LOC
Nr,O
.,O
Maruti,O
Service,O
centre,O
.,O
Sentence #132,
Manish,B-PER
kumar,I-PER
Sentence #133,
A32,O
B2,O
Sentence #134,
Achrya,B-LOC
niketan,I-LOC
Gali,B-LOC
no,I-LOC
:,I-LOC
-3,I-LOC
Mayur,B-LOC
vihar-1,I-LOC
Sentence #135,
New,B-LOC
DelhI,I-LOC
DelhI,B-LOC
-,I-LOC
110091,I-LOC
Sentence #136,
Phone,O
number,O
:,O
9871696800,O
7979077416,O
Sentence #137,
@,O
ArvindKejriwal,B-PER
@,O
GautamGambhir,B-PER
@,O
msisodia,B-ORG
@,O
PMOIndia,B-ORG
@,O
narendramodi,B-PER
@,O
rajnathsingh,B-PER
@,O
AmitShah,B-PER
@,O
drharshvardhan,B-PER
@,O
pwdDelhI,B-ORG
@,B-LOC
DelhiJalBoard,B-ORG
.galI,B-LOC
no,I-LOC
.,I-LOC
1,I-LOC
west,B-LOC
chander,I-LOC
nagar,I-LOC
Delhi-51,B-LOC
ye,O
pani,O
ki,O
position,O
h.,O
Pine,O
layak,O
to,O
bahut,O
dur,O
ki,O
baat,O
h,O
ye,O
pani,O
hath,O
dhone,O
layak,O
bhi,O
nhi,O
.,O
pic.twitter.com/9ErvA3odkh,O
Sentence #138,
@,O
AmitShah,B-PER
Namaste,O
Mr,O
amit,B-PER
shah,I-PER
Sir,O
Home,O
Minister,O
of,O
Bharat,O
Sir,O
meri,O
ek,O
frnd,O
hai,O
jyoti,O
jo,O
B,B-LOC
90,I-LOC
ram,B-LOC
marg,I-LOC
galI,B-LOC
no.1,I-LOC
mandawali,B-LOC
fazalpur,B-LOC
DelhI,B-LOC
110092,I-LOC
sadbhawna,O
apartment,O
ke,O
piche,O
Rahte,O
hain,O
ek,O
shusheel,O
chaudhary,O
name,O
ka,O
property,O
dealer,O
isne,O
meri,O
friend,O
ke,O
makaan,O
par,O
kabza,O
kar,O
liya,O
Sentence #139,
@,O
narendramodi,B-PER
Meri,O
aap,O
se,O
vinamr,O
prarthana,O
hai,O
plz,O
meri,O
frnd,O
ki,O
help,O
kar,O
dijiye,O
Sir,O
Address,O
B,B-LOC
90,I-LOC
ram,B-LOC
marg,I-LOC
galI,B-LOC
no.1,I-LOC
mandawali,B-LOC
fazalpur,B-LOC
DelhI,B-LOC
92,I-LOC
sadbhawna,O
apartment,O
ke,O
piche,O
Sentence #140,
A,B-LOC
block,I-LOC
galI,B-LOC
no,I-LOC
2,I-LOC
shukra,B-LOC
Bazar,I-LOC
hind,B-LOC
vihar,I-LOC
prem,B-LOC
nagar,I-LOC
3,I-LOC
kirari,B-LOC
suleman,I-LOC
nagar,I-LOC
DelhI,B-LOC
110086,I-LOC
call,O
8826939294,O
https,O
:,O
//twitter.com/RAHUL07822/status/1163036807522484225,O
Sentence #141,
Hi,O
I,O
am,O
facing,O
this,O
problem,O
last,O
3,O
to,B-TIM
4,I-TIM
months,I-TIM
after,O
changed,O
my,O
operator,O
first,O
we,O
have,O
with,O
Vodafone,O
.,O
My,O
Airtel,O
No,O
.,O
9711165258,O
Alternate,O
No,O
.,O
9891686734,O
Location,O
-,O
K-49/C,B-LOC
Gali,B-LOC
No,I-LOC
.,I-LOC
6/B,I-LOC
Mahipalpur,B-LOC
Extn,I-LOC
.,I-PER
New,O
DelhI,B-LOC
Nr,B-LOC
.,I-ORG
Maruti,O
Service,B-ORG
centre,I-ORG
.,I-LOC
Sentence #142,
Manish,O
kumar,O
Sentence #143,
A32,O
B2,O
Sentence #144,
Achrya,B-LOC
niketan,I-LOC
Gali,B-LOC
no,I-LOC
:,I-LOC
-3,I-LOC
Mayur,B-LOC
vihar-1,I-LOC
Sentence #145,
New,B-LOC
DelhI,I-LOC
DelhI,B-LOC
-,I-LOC
110091,I-LOC
Sentence #146,
Phone,O
number,O
:,O
9871696800,O
7979077416,O
Sentence #147,
@,O
GautamGambhir,O
After,O
a,O
long,O
disappointment,O
I,O
am,O
writing,O
to,O
you,O
in,O
hope,O
that,O
you,O
will,O
respond,O
quickly,O
I,O
am,O
living,O
in,O
Gali,B-LOC
no,I-LOC
1,I-LOC
Raghubar,B-LOC
Pura,I-LOC
no,I-LOC
2,I-LOC
Gandhi,B-LOC
nagar,I-LOC
DelhI,B-LOC
110031,I-LOC
is,O
totally,O
broken,O
last,O
4,O
months,O
Gali,O
broken,O
by,O
EDMC,O
OR,O
DelhI,O
JAL,O
BORD,O
Workers,O
.,O
Sentence #148,
@,O
bajpai_anil,B-ORG
After,O
a,O
long,O
disappointment,O
I,O
am,O
writing,O
to,O
you,O
in,O
hope,O
that,O
you,O
will,O
respond,O
quickly,O
I,O
am,O
living,O
in,O
Gali,B-LOC
no,I-LOC
1,I-LOC
Raghubar,B-LOC
Pura,I-LOC
no,I-LOC
2,I-LOC
Gandhi,B-LOC
nagar,I-LOC
DelhI,B-LOC
110031,I-LOC
is,O
totally,O
broken,O
last,O
4,O
months,O
Gali,O
broken,O
by,O
EDMC,O
OR,O
DelhI,O
JAL,O
BORD,O
Workers,O
.,O
Sentence #149,
@,O
GautamGambhir,B-PER
After,O
a,O
long,O
disappointment,O
I,O
am,O
writing,O
to,O
you,O
in,O
hope,O
that,O
you,O
will,O
respond,O
quickly,O
I,O
am,O
living,O
in,O
Gali,B-LOC
no,I-LOC
1,I-LOC
Raghubar,B-LOC
Pura,I-LOC
no,I-LOC
2,I-LOC
Gandhi,B-LOC
nagar,I-LOC
DelhI,B-LOC
110031,I-LOC
is,I-LOC
totally,O
broken,O
last,O
4,O
months,B-TIM
Gali,O
broken,B-GPE
by,O
EDMC,O
OR,B-MISC
DelhI,I-MISC
JAL,B-LOC
BORD,I-MISC
Workers,I-MISC
.,I-MISC
Sentence #150,
T-SHIRT,O
IS,O
LIKE,O
A,O
BLANK,O
CANVAS,O
YOU,O
CAN,O
PRINT,O
ANYTHING,O
ON,O
IT,O
Sentence #151,
Shivansh,O
Enterprises,O
(,O
Printing,O
Quality,O
Is,O
Matter,O
!,O
),O
D-369,B-LOC
Gali,B-LOC
No,I-LOC
.,I-LOC
13,I-LOC
Laxmi,B-LOC
Nagar,I-LOC
Delhi-110092,B-LOC
Mobile,O
:,O
+91,O
9999081545,O
Email,O
:,O
shivanshenterprises.in,O
@,O
gmail.com,O
Graphic,O
Designing,O
Printing,O
Advertising,O
Branding,O
pic.twitter.com/TMIXiXauYJ,O
Sentence #152,
@,O
msisodia,O
Good,O
Morning,O
Sir,O
Sentence #153,
Few,O
days,O
back,O
my,O
Activa,O
Scooty,O
got,O
stolen,O
from,O
my,O
residence,O
Address,O
``,O
F-46/2,B-LOC
Gali,B-LOC
No1,I-LOC
Janta,B-LOC
Garden,I-LOC
Pandav,B-LOC
Nagar,I-LOC
DelhI,B-LOC
110091,I-LOC
',O
on,O
12th,O
Aug'19,O
.,O
I,O
filled,O
an,O
FIR,O
in,O
Pandav,B-LOC
Nagar,I-LOC
Police,B-LOC
Station,I-LOC
but,O
No,O
one,O
(,O
SHO,O
DCP,O
Jasmeet,B-PER
singh,I-PER
),O
is,O
looking,O
for,O
my,O
problem,O
pic.twitter.com/uLlmyEZy5t,O
Sentence #154,
ABBAL,O
singh,O
NEGI,O
30B,B-LOC
GALI,B-LOC
NO,I-LOC
81F,I-LOC
BLOCK,B-LOC
MAHAVIR,B-LOC
ENVIABLE,I-LOC
III,I-LOC
NEW,B-LOC
DelhI,I-LOC
110059,I-LOC
Sentence #155,
Mob,O
no,O
7217654982,O
Email,O
negiabbalsingh1963,O
@,O
gmail.com,O
Sentence #156,
@,O
GautamGambhir,O
After,O
a,O
long,O
disappointment,O
I,O
am,O
writing,O
to,O
you,O
in,O
hope,O
that,O
you,O
will,O
respond,O
quickly,O
I,O
am,O
living,O
in,O
Gali,B-LOC
no,I-LOC
1,I-LOC
Raghubar,B-LOC
Pura,I-LOC
no,I-LOC
2,I-LOC
Gandhi,B-LOC
nagar,I-LOC
DelhI,B-LOC
110031,I-LOC
is,O
totally,O
broken,O
last,O
4,O
months,O
Gali,O
broken,O
by,O
EDMC,O
OR,O
DelhI,B-ORG
JAL,I-ORG
BORD,I-ORG
Workers,O
.,O