Sentence #143,
@,O
MTNLOfficial,O
@,O
DoT_India,O
Dear,O
Sir,O
""",""",O
I,O
have,O
been,O
several,O
complaints,O
for,O
network,O
problems,O
on,O
my,O
particular,O
location,O
Gali,B-LOC
no,I-LOC
.,O
8,I-LOC
subhash,I-LOC
marg,I-LOC
east,B-LOC
ram,B-LOC
nagar,I-LOC
shahdara,I-LOC
DelhI,B-LOC
""",""",O
but,O
problem,O
resolve,O
till,O
now,O
.,O
Regards,O
Sentence #144,
@,O
bsesDelhI,O
street,O
light,O
is,O
not,O
working,O
for,O
10,O
days,O
pls,O
repair,O
it,O
as,O
early,O
as,O
possible,O
.,O
Dhirender,B-PER
Pratap,I-PER
Singh,I-PER
G,I-PER
39,O
galI,B-LOC
no,I-LOC
.,O
4,I-LOC
phase,I-LOC
3,I-LOC
Shiv,B-LOC
vihar,I-LOC
Karawal,I-LOC
nagar,I-LOC
DelhI,B-LOC
-110094,O
Mob,O
no,O
.,O
9891324104,O
9015233086,O
pic.twitter.com/8iDUzxSQSl,O
Sentence #145,
@,O
dtptraffic,O
This,O
car,O
is,O
parked,O
at,O
n,O
galI,I-LOC
no,I-LOC
.,O
11,I-LOC
""",""",O
Bhola,B-LOC
Nath,I-LOC
Nagar,I-LOC
""",""",O
Shahdara,B-LOC
Delhi-110032,I-LOC
(,O
Near,B-ORG
Lucky,I-ORG
Mart,I-ORG
),O
.,O
This,O
lane,O
is,O
very,O
narrow,O
and,O
it,O
is,O
not,O
possible,O
to,O
pass,O
any,O
other,O
car,O
or,O
emergency,O
vehicle,O
from,O
this,O
road,O
.,O
This,O
car,O
is,O
obstracting,O
traffic,O
movment,O
.,O
Please,O
take,O
actions,O
.,O
pic.twitter.com/M0KOSG1b2N,O
Sentence #146,
Bhalswa,B-LOC
j,I-LOC
j,I-LOC
colony,I-LOC
part,O
2,O
DelhI,B-LOC
42,O
Block,O
d1,O
galI,I-LOC
no,O
28,I-LOC
ward,O
20,O
pic.twitter.com/DZhMhU0L3K,O
Sentence #147,
Location,B-MISC
-,I-MISC
P-20,B-LOC
Gali-4,I-LOC
Phase-4,I-LOC
Shiv,B-LOC
Vihar,I-LOC
karawal,I-LOC
Nagar,I-LOC
DelhI,B-LOC
110094,O
near,O
Rathor,B-PER
Dhramshala,I-PER
.,O
Contact,O
-8130218226,O
.,O
Pole,O
Number,O
-,O
KWN,O
Z338,O
.,O
Kindly,O
do,O
it,O
asap,O
because,O
I,O
have,O
already,O
submitted,O
complain,O
but,O
no,O
one,O
is,O
there,O
.,O
Sentence #148,
Gali,B-LOC
No,I-LOC
6,O
""",""",O
Jain,B-LOC
Nagar,I-LOC
""",""",O
Delhi,B-LOC
""",1""",O
4,O
5,O
15,O
@,O
ArvindKejriwal,O
@,O
suraiya95,O
@,O
SatyendarJain,O
Sentence #149,
@,O
DelhiJalBoard,O
@,O
ArvindKejriwal,O
This,O
pipe,O
line,O
is,O
broken,O
and,O
the,O
water,O
is,O
leaking,O
with,O
due,O
respect,O
kindly,O
look,O
into,O
the,O
matter,O
Sentence #150,
NAME,O
:,O
gurjeet,O
singh,O
ADDRESS,O
:,O
A,O
44,O
galI,I-LOC
no,I-LOC
22,I-LOC
mahendera,I-LOC
park,I-LOC
adarsh,B-LOC
nagar,I-LOC
DelhI,B-LOC
33,O
CONTACT,O
NO,O
.,O
:,O
9810550544,O
ISSUE,O
:,O
water,O
pipe,O
leakage,O
pic.twitter.com/oS24AgmChA,O
Sentence #151,
@,O
ArvindKejriwal,O
@,O
msisodia,O
@,O
GautamGambhir,O
@,O
PMOIndia,O
@,O
SKBagga2,O
@,O
MCDDelhI,O
@,O
narendramodi,O
galI,I-LOC
no.1,I-LOC
""",""",O
small,O
street,O
west,B-LOC
chander,B-LOC
nagar,I-LOC
""",""",O
delhi-51,O
""",""",O
naliyo,O
me,O
se,O
snakes,O
""",""",O
insects,O
nikal,O
rahe,O
hai,O
.,O
Naliyo,O
me,O
dawai,O
dalwai,O
jaye,O
.,O
Nhi,O
to,O
ye,O
gharo,O
me,O
ajaenge,O
..,O
again,O
tweeted,O
but,O
no,O
reply,O
from,O
anybdy,O
Sentence #152,
@,O
dtptraffic,O
This,O
car,O
is,O
parked,O
at,O
n,O
galI,I-LOC
no,O
.,O
11,I-LOC
""",""",O
Bhola,B-LOC
Nath,I-LOC
Nagar,I-LOC
""",""",O
Shahdara,B-LOC
Delhi-110032,I-LOC
(,O
Near,O
Lucky,O
Mart,O
),O
.,O
This,O
lane,O
is,O
very,O
narrow,O
and,O
it,O
is,O
not,O
possible,O
to,O
pass,O
any,O
other,O
car,O
or,O
emergency,O
vehicle,O
from,O
this,O
road,O
.,O
This,O
car,O
is,O
obstracting,O
traffic,O
movment,O
.,O
Please,O
take,O
actions,O
.,O
pic.twitter.com/M0KOSG1b2N,O
Sentence #153,
Bhalswa,B-LOC
j,I-LOC
j,I-LOC
colony,I-LOC
part,O
2,O
DelhI,B-LOC
42,O
Block,B-PER
d1,O
galI,B-LOC
no,I-LOC
28,I-LOC
ward,O
20,O
pic.twitter.com/DZhMhU0L3K,O
Sentence #154,
Location,O
-,O
P-20,B-LOC
Gali-4,I-LOC
Phase-4,I-LOC
Shiv,B-LOC
Vihar,I-LOC
karawal,I-LOC
Nagar,I-LOC
DelhI,B-LOC
110094,O
near,O
Rathor,O
Dhramshala,O
.,O
Contact,O
-8130218226,O
.,O
Pole,B-MISC
Number,I-MISC
-,I-MISC
KWN,I-MISC
Z338,I-MISC
.,O
Kindly,O
do,O
it,O
asap,O
because,O
I,O
have,O
already,O
submitted,O
complain,O
but,O
no,O
one,O
is,O
there,O
.,O
Sentence #155,
Gali,B-LOC
No,O
6,O
""",""",O
Jain,B-LOC
Nagar,I-LOC
""",""",O
Delhi,B-LOC
""",1""",O
4,O
5,O
15,I-LOC
@,O
ArvindKejriwal,O
@,O
suraiya95,O
@,O
SatyendarJain,O
Sentence #156,
@,O
DelhiJalBoard,O
@,O
ArvindKejriwal,O
This,O
pipe,O
line,O
is,O
broken,O
and,O
the,O
water,O
is,O
leaking,O
with,O
due,O
respect,O
kindly,O
look,O
into,O
the,O
matter,O
Sentence #157,
NAME,O
:,O
gurjeet,O
singh,O
ADDRESS,O
:,O
A,O
44,O
galI,B-LOC
no,I-LOC
22,O
mahendera,B-LOC
park,I-LOC
adarsh,B-LOC
nagar,I-LOC
DelhI,B-LOC
33,B-TIM
CONTACT,I-TIM
NO,O
.,O
:,O
9810550544,O
ISSUE,O
:,O
water,O
pipe,O
leakage,O
pic.twitter.com/oS24AgmChA,O
Sentence #158,
@,O
ArvindKejriwal,O
@,O
msisodia,O
@,O
GautamGambhir,O
@,O
PMOIndia,O
@,O
SKBagga2,O
@,O
MCDDelhI,O
@,O
narendramodi,O
galI,I-LOC
no.1,O
""",""",O
small,O
street,O
west,B-LOC
chander,I-LOC
nagar,I-LOC
""",""",O
delhi-51,O
""",""",O
naliyo,O
me,O
se,O
snakes,O
""",""",O
insects,O
nikal,O
rahe,O
hai,O
.,O
Naliyo,O
me,O
dawai,O
dalwai,O
jaye,O
.,O
Nhi,O
to,O
ye,O
gharo,O
me,O
ajaenge,O
..,O
again,O
tweeted,O
but,O
no,O
reply,O
from,O
anybdy,O
Sentence #159,
@,O
bsesDelhI,O
@,O
bsesDelhI,O
@,O
ArvindKejriwal,O
@,O
MinistryofPower,O
CA,O
no,O
103452429,O
.,O
Over,B-TIM
2,I-TIM
hours,O
power,O
cut,O
in,O
area,I-LOC
..,O
Mahavir,B-LOC
Enclave,I-LOC
Part,I-ORG
2,O
New,B-LOC
DelhI,B-LOC
.,O
110045,O
Gali,B-LOC
no,O
4,O
.,O
No,O
resolution,O
after,O
making,O
complaint,O
.,O
State,O
government,O
will,O
be,O
no,O
more,O
in,O
the,O
power,O
.,O
Time,O
for,O
change,O
in,O
government,O
.,O
Sentence #160,
@,O
ArvindKejriwal,O
Sir,O
""",""",O
we,O
are,O
living,O
in,O
hell,O
(,O
sangam,B-LOC
vihar,I-LOC
south,I-LOC
DelhI,B-LOC
),O
there,O
is,O
no,O
water,O
for,O
our,O
gali,B-LOC
no.4,I-LOC
I,I-LOC
block,I-LOC
.,O
Ur,O
MLA,O
and,O
COUNSELLOR,O
ignore,O
our,O
problem,O
.,O
Take,O
some,O
positive,O
action,O
Sentence #161,
Sir,O
Ji,O
ye,O
batao,O
humare,O
gharo,O
m,O
saaf,O
paani,O
kb,O
ayega,O
1,O
mahina,O
ho,O
gya,O
naliyo,O
ka,O
paani,O
arha,O
h,O
Sentence #162,
Gali,B-LOC
no,I-LOC
.,O
17/2,I-LOC
rishi,B-LOC
kardham,I-LOC
marg,I-LOC
chauhan,O
banger,O
Seelampur,B-LOC
New,I-LOC
DelhI,B-LOC
110053,I-LOC
Sentence #163,
@,O
bsesDelhI,O
@,O
bsesDelhI,O
@,O
ArvindKejriwal,O
@,O
MinistryofPower,O
CA,O
no,O
103452429,O
.,O
Over,B-TIM
2,I-TIM
hours,O
power,O
cut,O
in,O
area,O
..,O
Mahavir,B-LOC
Enclave,I-LOC
Part,I-ORG
2,O
New,B-LOC
DelhI,B-LOC
.,O
110045,O
Gali,B-LOC
no,I-LOC
4,I-LOC
.,O
No,O
resolution,O
after,O
making,O
complaint,O
.,O
State,O
government,O
will,O
be,O
no,O
more,O
in,O
the,O
power,O
.,O
Time,O
for,O
change,O
in,O
government,O
.,O
Sentence #164,
@,O
ArvindKejriwal,O
Sir,O
""",""",O
we,O
are,O
living,O
in,O
hell,O
(,O
sangam,B-LOC
vihar,I-LOC
south,I-LOC
DelhI,B-LOC
),O
there,O
is,O
no,O
water,O
for,O
our,O
gali,B-LOC
no.4,I-LOC
I,O
block,O
.,O
Ur,O
MLA,O
and,O
COUNSELLOR,O
ignore,O
our,O
problem,O
.,O
Take,O
some,O
positive,O
action,O
Sentence #165,
Sir,O
Ji,I-PER
ye,O
batao,O
humare,O
gharo,O
m,O
saaf,O
paani,O
kb,O
ayega,O
1,I-LOC
mahina,O
ho,O
gya,O
naliyo,O
ka,O
paani,O
arha,O
h,O
Sentence #166,
Gali,B-GPE
no,O
.,O
17/2,O
rishi,O
kardham,O
marg,I-LOC
chauhan,O
banger,O
Seelampur,B-LOC
New,I-LOC
DelhI,B-LOC
110053,I-LOC
Sentence #167,
@,O
ArvindKejriwal,O
.,O
Sunny,B-MISC
Kumar,I-MISC
RZ,I-MISC
F,I-MISC
131,I-MISC
GALI,I-MISC
NO,I-MISC
4,O
Mahavir,O
enclave,I-LOC
palam,B-LOC
.,O
Delhi,B-LOC
.,O
.,O
@,O
ArvindKejriwal,O
Sentence #168,
@,O
suraiya95,O
illegal,O
construction,O
supported,O
by,O
department,O
at,O
House,I-LOC
no,O
1170,O
Gali,B-GPE
no,O
12,I-LOC
Govind,B-LOC
PurI,O
New,I-LOC
DelhI,B-LOC
110019,O
Sentence #169,
NAME,O
:,O
Nidhi,B-PER
"""ADDRESS:1/10954,3rd""",O
floor,O
""",""",O
Gali,B-LOC
No,O
7,O
""",""",O
Subhash,B-LOC
Park,I-LOC
""",""",O
Naveen,B-ORG
Shahadra,I-ORG
""",""",O
DelhI,B-LOC
CONTACT,I-MISC
NO,I-MISC
.,O
:,O
9871425937,O
KNO:4915755199,O
ISSUE,O
:,O
water,O
supply,O
issue,O
since,O
yesterday,B-TIM
evening,I-TIM
to,O
till,O
now,O
..,O
Please,O
expedite,O
on,O
priority,O
Sentence #170,
@,O
DelhiJalBoard,O
Hi,O
""",""",O
water,O
supply,O
is,O
not,O
coming,O
since,O
yesterday,B-TIM
evening,I-TIM
in,O
my,O
area,I-LOC
(,O
galI,I-LOC
no,O
.,O
7,O
""",""",O
Subhash,B-LOC
Park,I-LOC
""",""",O
Naveen,B-ORG
Shahadra,I-ORG
""",""",I-ORG
DelhI,B-LOC
-,I-ORG
32,O
),O
and,O
I,O
am,O
tried,O
all,O
attached,O
phone,O
no,O
including,O
toll,O
free,O
but,O
no,O
luck,O
.,O
Can,O
you,O
open,O
the,O
water,O
supply,O
in,O
my,O
area,I-LOC
and,O
what,O
is,O
the,O
problem,O
?,O
pic.twitter.com/geLVmGucCP,O
Sentence #171,
@,O
ArvindKejriwal,O
.,O
Sunny,B-MISC
Kumar,I-MISC
RZ,I-MISC
F,I-MISC
131,I-MISC
GALI,I-MISC
NO,I-MISC
4,O
Mahavir,O
enclave,I-LOC
palam,B-LOC
.,O
Delhi,B-LOC
.,O
.,O
@,O
ArvindKejriwal,O
Sentence #172,
@,O
suraiya95,O
illegal,O
construction,O
supported,O
by,O
department,O
at,O
House,I-LOC
no,O
1170,O
Gali,B-GPE
no,O
12,I-LOC
Govind,B-LOC
PurI,O
New,I-LOC
DelhI,B-LOC
110019,O
Sentence #173,
NAME,O
:,O
Nidhi,B-PER
"""ADDRESS:1/10954,3rd""",O
floor,O
""",""",O
Gali,B-LOC
No,O
7,O
""",""",O
Subhash,B-LOC
Park,I-LOC
""",""",O
Naveen,B-ORG
Shahadra,I-ORG
""",""",O
DelhI,B-LOC
CONTACT,I-MISC
NO,I-MISC
.,O
:,O
9871425937,O
KNO:4915755199,O
ISSUE,O
:,O
water,O
supply,O
issue,O
since,O
yesterday,B-TIM
evening,I-TIM
to,O
till,O
now,O
..,O
Please,O
expedite,O
on,O
priority,O
Sentence #174,
@,O
DelhiJalBoard,O
Hi,O
""",""",O
water,O
supply,O
is,O
not,O
coming,O
since,O
yesterday,B-TIM
evening,I-TIM
in,O
my,O
area,I-LOC
(,O
galI,I-LOC
no,O
.,O
7,O
""",""",O
Subhash,B-LOC
Park,I-LOC
""",""",O
Naveen,B-ORG
Shahadra,I-ORG
""",""",I-ORG
DelhI,B-LOC
-,I-ORG
32,O
),O
and,O
I,O
am,O
tried,O
all,O
attached,O
phone,O
no,O
including,O
toll,O
free,O
but,O
no,O
luck,O
.,O
Can,O
you,O
open,O
the,O
water,O
supply,O
in,O
my,O
area,I-LOC
and,O
what,O
is,O
the,O
problem,O
?,O
pic.twitter.com/geLVmGucCP,O
Sentence #175,
Dear,O
Team,I-PER
""",""",O
Please,O
find,O
the,O
issue,O
details,O
.,O
Name,B-ORG
-,I-ORG
Yogender,I-ORG
Verma,I-ORG
Contact,I-ORG
No,O
-,O
7840048888,O
Address,O
-,O
P,B-LOC
block,I-LOC
galI,I-LOC
No,I-LOC
5,I-LOC
""",""",O
Rajnagar,B-LOC
2,O
Palam,B-LOC
Colony,I-LOC
New,I-LOC
DelhI,B-LOC
110077,I-LOC
.,O
KNo,O
-,O
8004221000,O
Issue,O
-,O
No,O
Supply,O
of,O
water,O
from,O
last,O
few,B-TIM
days,O
and,O
if,O
supply,O
is,O
there,O
then,O
it,O
's,O
very,O
dirty,O
.,O
Sentence #176,
I,O
was,O
the,O
receiver,O
myself,O
.,O
The,O
address,O
is,O
D69,B-ORG
""",""",O
Gali,B-LOC
no,O
2,O
""",""",O
60,O
feet,O
road,I-LOC
""",""",O
D,B-ORG
Block,I-ORG
""",""",O
Pocket,I-LOC
C,I-PER
""",""",O
Ambedkar,B-LOC
Colony,I-LOC
""",""",O
Chhatarpur,B-LOC
""",""",O
New,B-LOC
DelhI,B-LOC
.,O
Contact,O
no,O
9845320500,O
Sentence #177,
Dear,O
Team,I-PER
""",""",O
Please,O
find,O
the,O
issue,O
details,O
.,O
Name,B-ORG
-,I-ORG
Yogender,I-ORG
Verma,I-ORG
Contact,I-ORG
No,O
-,O
7840048888,O
Address,O
-,O
P,B-LOC
block,I-LOC
galI,I-LOC
No,I-LOC
5,I-LOC
""",""",O
Rajnagar,B-LOC
2,O
Palam,B-LOC
Colony,I-LOC
New,I-LOC
DelhI,B-LOC
110077,I-LOC
.,O
KNo,O
-,O
8004221000,O
Issue,O
-,O
No,O
Supply,O
of,O
water,O
from,O
last,O
few,B-TIM
days,O
and,O
if,O
supply,O
is,O
there,O
then,O
it,O
's,O
very,O
dirty,O
.,O
Sentence #178,
I,O
was,O
the,O
receiver,O
myself,O
.,O
The,O
address,O
is,O
D69,B-ORG
""",""",O
Gali,B-LOC
no,O
2,O
""",""",O
60,O
feet,O
road,I-LOC
""",""",O
D,B-ORG
Block,I-ORG
""",""",O
Pocket,I-LOC
C,I-PER
""",""",O
Ambedkar,B-LOC
Colony,I-LOC
""",""",O
Chhatarpur,B-LOC
""",""",O
New,B-LOC
DelhI,B-LOC
.,O
Contact,O
no,O
9845320500,O
Sentence #179,
No,O
your,O
team,O
is,O
not,O
working,O
.,O
Just,O
tell,O
me,O
if,O
any,O
kind,O
of,O
mishappening,O
occur,O
BSES,O
will,O
be,O
responsible,O
.,O
I,O
already,O
lodge,O
a,O
police,O
complaint,O
against,O
bses,O
.,O
tomorrow,O
I,O
will,O
call,O
the,O
electronic,I-LOC
media,O
.,O
Regards,B-PER
Varun,I-PER
kumar,O
8178877455,O
A1/19,B-ORG
galI,I-LOC
number,O
1,I-LOC
Raja,B-LOC
purI,O
Uttam,B-LOC
nagar,I-LOC
DelhI,B-LOC
Sentence #180,
@,O
DelhiJalBoard,B-MISC
NAME,I-MISC
:,I-MISC
ZILEDAR,I-MISC
VERMA,I-MISC
ADDRESS,I-MISC
:,O
B,O
161,O
""",""",O
MANDAWALI,B-LOC
GALI,I-MISC
NO,I-MISC
.,O
16,I-LOC
DelhI,B-LOC
CONTACT,I-MISC
NO,I-MISC
.,O
:,O
9873839485,O
KNO,O
:,O
3898089330,O
ISSUE,O
:,O
Sir,O
I,O
have,O
received,O
estimate,O
bill,O
from,O
last,O
3,B-TIM
time,I-TIM
.,O
I,O
have,O
give,O
an,O
application,O
to,O
Preet,B-LOC
Vihar,I-LOC
Room,I-LOC
no,I-LOC
.,O
14,I-LOC
.,O
Its,O
complain,O
no,O
21,I-LOC
""",""",O
After,O
1,I-LOC
month,O
no,O
responce,O
pic.twitter.com/DSyWwwkK30,O
Sentence #181,
NAME,O
:,O
ZILEDAR,B-MISC
VERMA,I-MISC
ADDRESS,I-MISC
:,O
B,O
161,O
""",""",O
MANDAWALI,B-LOC
GALI,I-MISC
NO,I-MISC
.,O
16,I-LOC
""",""",O
DelhI,B-LOC
CONTACT,I-MISC
NO,I-MISC
.,O
:,O
9873839485,O
KNO,O
:,O
3898089330,O
ISSUE,O
:,O
Sir,O
I,O
have,O
received,O
estimate,O
bill,O
from,O
last,O
3,B-TIM
time,I-TIM
.,O
I,O
have,O
give,O
an,O
application,O
to,O
Preet,B-LOC
Vihar,I-LOC
Room,I-LOC
no,I-LOC
.,O
14,I-LOC
.,O
Its,O
complain,O
no,O
.,O
21,I-LOC
.,O
After,O
one,B-TIM
month,O
no,O
responce,O
pic.twitter.com/OaFJUPIakr,O
Sentence #182,
Prabhu,O
dayal,O
9971177428,O
D-101,B-ORG
galI,I-LOC
no,O
.,O
4,O
ganga,B-LOC
vihar,I-LOC
DelhI,B-LOC
94,I-LOC
Poll,O
no,O
.,O
254,O
with,O
2,O
pillar,O
more,O
near,O
by,O
Street,B-ORG
light,O
not,O
working,O
Sentence #183,
@,O
bsesdelhi,B-MISC
4TH,I-MISC
REMINDER,I-MISC
NO,I-MISC
ACTION,I-MISC
&,I-MISC
NO,I-MISC
REPLY,I-MISC
YOUR,I-MISC
SIDE,I-MISC
?,O
Sentence #184,
LOW,B-MISC
VOLTAGE,I-MISC
PROBLEM,I-MISC
LAST,I-MISC
4,I-MISC
MONTH,I-MISC
IN,I-MISC
MAHAVEER,I-MISC
ENCLAVE,I-LOC
GALI,I-MISC
NO-1,I-MISC
D,I-MISC
""",""",I-MISC
PALAM,B-LOC
NEW,B-LOC
DELHI-110045,I-MISC
Sentence #185,
CA,O
NO-103409954,O
Sentence #186,
@,O
SatyendarJain,O
Sentence #187,
9TH,B-MISC
REMINDER,I-MISC
NO,I-MISC
ACTION,I-MISC
&,I-MISC
NO,I-MISC
REPLY,I-MISC
YOUR,I-MISC
SIDE,I-MISC
?,O
Sentence #188,
LOW,B-MISC
VOLTAGE,I-MISC
PROBLEM,I-MISC
LAST,I-MISC
4,I-MISC
MONTH,I-MISC
IN,I-MISC
MAHAVEER,I-MISC
ENCLAVE,I-LOC
GALI,I-MISC
NO-1,I-MISC
D,I-MISC
""",""",I-MISC
PALAM,B-LOC
NEW,B-LOC
DELHI-110045,I-MISC
Sentence #189,
CA,O
NO-103409954,O
Sentence #190,
9TH,B-MISC
REMINDER,I-MISC
NO,I-MISC
ACTION,I-MISC
&,I-MISC
NO,I-MISC
REPLY,I-MISC
YOUR,I-MISC
SIDE,I-MISC
?,O
Sentence #191,
LOW,B-MISC
VOLTAGE,I-MISC
PROBLEM,I-MISC
LAST,I-MISC
4,I-MISC
MONTH,I-MISC
IN,I-MISC
MAHAVEER,I-MISC
ENCLAVE,I-LOC
GALI,I-MISC
NO-1,I-MISC
D,I-MISC
""",""",I-MISC
PALAM,B-LOC
NEW,B-LOC
DELHI-110045,I-MISC
Sentence #192,
CA,O
NO-103409954,O
https,O
:,O
//twitter.com/MohammedAyaz20/status/1168455817537843200,O
Sentence #193,
Sewers,O
Choked,O
in,O
Gali,B-LOC
No,O
.,O
4,O
Ashok,B-LOC
Mohalla,I-PER
""",""",O
Bhooton,B-PER
Wali,I-PER
Gali,I-LOC
""",""",O
Nangloi,B-LOC
Jat,I-LOC
""",""",O
Delhi,B-LOC
41,I-LOC
.,O
Dirty,O
water,O
entering,O
into,O
houses,I-LOC
.,O
RWA,B-ORG
Ashok,B-LOC
Mohalla,I-ORG
@,O
ArvindKejriwal,O
@,O
SatyendarJain,O
@,O
kgahlot,O
@,O
DelhiJalBoard,O
@,O
MCDDelhI,O
@,O
north_mcd,O
@,O
northdelhimayor,O
@,O
NorthDmc,O
@,O
NorthMonitoring,O
@,O
LtGovDelhI,B-LOC
Sentence #194,
@,O
ArvindKejriwal,O
Sir,O
""",""",O
munda,B-LOC
metro,I-LOC
piller,O
no.509,O
ke,O
samne,O
galI,I-LOC
me,O
DelhI,B-LOC
jal,I-PER
board,O
ka,O
karya,O
feb.,O
2019,O
me,O
hua,O
tha,O
""",""",O
wah,O
galI,I-LOC
aaj,O
tak,O
repair,O
nahi,O
hui,O
hai,O
.,O
Repairing,O
incharge,O
ko,O
100,O
times,O
phone,O
par,O
bata,B-LOC
chuke,O
hai,O
.,O
Lekin,O
koi,O
action,O
nahi,O
jo,O
raha,O
hai,O
.,O
Sentence #195,
@,O
IndiaPostOffice,O
@,O
cpmgDelhI,B-LOC
parcel,O
CM569812563IN,O
shows,O
delivered,O
but,O
not,O
received,O
by,O
person,O
plz,O
share,O
pod,O
slip,O
asap,O
Aadya,O
/993,O
""",""",O
galI,I-LOC
no,O
5,O
chand,O
mohalla,O
.,O
Gandhi,B-LOC
nagar,I-LOC
DelhI,B-LOC
NEW,I-LOC
DelhI,B-LOC
""",""",O
DELHI,B-LOC
110031,I-LOC
Sentence #196,
No,O
your,O
team,O
is,O
not,O
working,O
.,O
Just,O
tell,O
me,O
if,O
any,O
kind,O
of,O
mishappening,O
occur,O
BSES,O
will,O
be,O
responsible,O
.,O
I,O
already,O
lodge,O
a,O
police,O
complaint,O
against,O
bses,O
.,O
tomorrow,O
I,O
will,O
call,O
the,O
electronic,I-LOC
media,O
.,O
Regards,B-PER
Varun,I-PER
kumar,O
8178877455,O
A1/19,B-ORG
galI,I-LOC
number,O
1,I-LOC
Raja,B-LOC
purI,O
Uttam,B-LOC
nagar,I-LOC
DelhI,B-LOC
Sentence #197,
@,O
DelhiJalBoard,B-MISC
NAME,I-MISC
:,I-MISC
ZILEDAR,I-MISC
VERMA,I-MISC
ADDRESS,I-MISC
:,O
B,O
161,O
""",""",O
MANDAWALI,B-LOC
GALI,I-MISC
NO,I-MISC
.,O
16,I-LOC
DelhI,B-LOC
CONTACT,I-MISC
NO,I-MISC
.,O
:,O
9873839485,O
KNO,O
:,O
3898089330,O
ISSUE,O
:,O
Sir,O
I,O
have,O
received,O
estimate,O
bill,O
from,O
last,O
3,B-TIM
time,I-TIM
.,O
I,O
have,O
give,O
an,O
application,O
to,O
Preet,B-LOC
Vihar,I-LOC
Room,I-LOC
no,I-LOC
.,O
14,I-LOC
.,O
Its,O
complain,O
no,O
21,I-LOC
""",""",O
After,O
1,I-LOC
month,O
no,O
responce,O
pic.twitter.com/DSyWwwkK30,O
Sentence #198,
NAME,O
:,O
ZILEDAR,B-MISC
VERMA,I-MISC
ADDRESS,I-MISC
:,O
B,O
161,O
""",""",O
MANDAWALI,B-LOC
GALI,I-MISC
NO,I-MISC
.,O
16,I-LOC
""",""",O
DelhI,B-LOC
CONTACT,I-MISC
NO,I-MISC
.,O
:,O
9873839485,O
KNO,O
:,O
3898089330,O
ISSUE,O
:,O
Sir,O
I,O
have,O
received,O
estimate,O
bill,O
from,O
last,O
3,B-TIM
time,I-TIM
.,O
I,O
have,O
give,O
an,O
application,O
to,O
Preet,B-LOC
Vihar,I-LOC
Room,I-LOC
no,I-LOC
.,O
14,I-LOC
.,O
Its,O
complain,O
no,O
.,O
21,I-LOC
.,O
After,O
one,B-TIM
month,O
no,O
responce,O
pic.twitter.com/OaFJUPIakr,O
Sentence #199,
Prabhu,O
dayal,O
9971177428,O
D-101,B-ORG
galI,I-LOC
no,O
.,O
4,O
ganga,B-LOC
vihar,I-LOC
DelhI,B-LOC
94,I-LOC
Poll,O
no,O
.,O
254,O
with,O
2,O
pillar,O
more,O
near,O
by,O
Street,B-ORG
light,O
not,O
working,O
Sentence #200,
@,O
bsesdelhi,B-MISC
4TH,I-MISC
REMINDER,I-MISC
NO,I-MISC
ACTION,I-MISC
&,I-MISC
NO,I-MISC
REPLY,I-MISC
YOUR,I-MISC
SIDE,I-MISC
?,O
Sentence #201,
LOW,B-MISC
VOLTAGE,I-MISC
PROBLEM,I-MISC
LAST,I-MISC
4,I-MISC
MONTH,I-MISC
IN,I-MISC
MAHAVEER,I-MISC
ENCLAVE,I-LOC
GALI,I-MISC
NO-1,I-MISC
D,I-MISC
""",""",I-MISC
PALAM,B-LOC
NEW,B-LOC
DELHI-110045,I-MISC
Sentence #202,
CA,O
NO-103409954,O
Sentence #203,
@,O
SatyendarJain,O
Sentence #204,
9TH,B-MISC
REMINDER,I-MISC
NO,I-MISC
ACTION,I-MISC
&,I-MISC
NO,I-MISC
REPLY,I-MISC
YOUR,I-MISC
SIDE,I-MISC
?,O
Sentence #205,
LOW,B-MISC
VOLTAGE,I-MISC
PROBLEM,I-MISC
LAST,I-MISC
4,I-MISC
MONTH,I-MISC
IN,I-MISC
MAHAVEER,I-MISC
ENCLAVE,I-LOC
GALI,I-MISC
NO-1,I-MISC
D,I-MISC
""",""",I-MISC
PALAM,B-LOC
NEW,B-LOC
DELHI-110045,I-MISC
Sentence #206,
CA,O
NO-103409954,O
Sentence #207,
9TH,B-MISC
REMINDER,I-MISC
NO,I-MISC
ACTION,I-MISC
&,I-MISC
NO,I-MISC
REPLY,I-MISC
YOUR,I-MISC
SIDE,I-MISC
?,O
Sentence #208,
LOW,B-MISC
VOLTAGE,I-MISC
PROBLEM,I-MISC
LAST,I-MISC
4,I-MISC
MONTH,I-MISC
IN,I-MISC
MAHAVEER,I-MISC
ENCLAVE,I-LOC
GALI,I-MISC
NO-1,I-MISC
D,I-MISC
""",""",I-MISC
PALAM,B-LOC
NEW,B-LOC
DELHI-110045,I-MISC
Sentence #209,
CA,O
NO-103409954,O
https,O
:,O
//twitter.com/MohammedAyaz20/status/1168455817537843200,O
Sentence #210,
Sewers,O
Choked,O
in,O
Gali,B-LOC
No,O
.,O
4,O
Ashok,B-LOC
Mohalla,I-PER
""",""",O
Bhooton,B-PER
Wali,I-PER
Gali,I-LOC
""",""",O
Nangloi,B-LOC
Jat,I-LOC
""",""",O
Delhi,B-LOC
41,I-LOC
.,O
Dirty,O
water,O
entering,O
into,O
houses,I-LOC
.,O
RWA,B-ORG
Ashok,B-LOC
Mohalla,I-ORG
@,O
ArvindKejriwal,O
@,O
SatyendarJain,O
@,O
kgahlot,O
@,O
DelhiJalBoard,O
@,O
MCDDelhI,O
@,O
north_mcd,O
@,O
northdelhimayor,O
@,O
NorthDmc,O
@,O
NorthMonitoring,O
@,O
LtGovDelhI,B-LOC
Sentence #211,
@,O
ArvindKejriwal,O
Sir,O
""",""",O
munda,B-LOC
metro,I-LOC
piller,O
no.509,O
ke,O
samne,O
galI,I-LOC
me,O
DelhI,B-LOC
jal,I-PER
board,O
ka,O
karya,O
feb.,O
2019,O
me,O
hua,O
tha,O
""",""",O
wah,O
galI,I-LOC
aaj,O
tak,O
repair,O
nahi,O
hui,O
hai,O
.,O
Repairing,O
incharge,O
ko,O
100,O
times,O
phone,O
par,O
bata,B-LOC
chuke,O
hai,O
.,O
Lekin,O
koi,O
action,O
nahi,O
jo,O
raha,O
hai,O
.,O
Sentence #212,
@,O
IndiaPostOffice,O
@,O
cpmgDelhI,B-LOC
parcel,O
CM569812563IN,O
shows,O
delivered,O
but,O
not,O
received,O
by,O
person,O
plz,O
share,O
pod,O
slip,O
asap,O
Aadya,O
/993,O
""",""",O
galI,I-LOC
no,O
5,O
chand,O
mohalla,O
.,O
Gandhi,B-LOC
nagar,I-LOC
DelhI,B-LOC
NEW,I-LOC
DelhI,B-LOC
""",""",O
DELHI,B-LOC
110031,I-LOC
Sentence #213,
Nice,O
work,O
Sir,O
ji,O
Mai,B-LOC
south,I-LOC
DelhI,B-LOC
sangam,I-LOC
vihar,I-LOC
I,O
block,O
galI,I-LOC
no.4,O
me,O
rahta,O
hu,O
hamare,O
bor,O
par,O
kabja,O
kar,O
rakha,O
hai,O
paani,O
milta,O
nahi,O
koi,O
naya,O
connection,O
hone,O
nahi,O
dete,O
dusra,O
bor,O
wala,O
darta,O
hai,O
inse,O
khud,O
ko,O
pura,I-LOC
pani,O
mil,O
raha,O
hai,O
dard,O
ka,O
ahsaas,O
kaha,O
se,O
hoga,O
.Plz,O
help,O
Sentence #214,
@,O
DelhiJalBoard,O
@,O
ArvindKejriwal,O
@,O
msisodia,O
@,O
mcd,O
I,O
m,O
manish,O
jajoo.i,O
live,O
in,O
http,O
:,O
//delhi.My,O
address,O
180,O
""",""",O
East,B-LOC
azad,I-LOC
nagar,I-LOC
""",""",O
Gali,B-LOC
no.7,I-LOC
""",""",O
Delhi=51.I,O
hv,O
lodged,O
sewer,O
complaint.But,O
no,O
one,O
come,O
to,O
solve,O
problem.The,O
sewer,O
water,O
come,O
in,O
my,O
home.We,O
r,O
sufering,O
for,O
this,O
situation.Plz,O
help,O
Sentence #215,
@,O
DelhiJalBoard,O
@,O
ArvindKejriwal,O
@,O
msisodia,O
I,O
m,O
manish,O
jajoo.i,O
live,O
in,O
http,O
:,O
//delhi.my,O
address,O
is,O
180,O
""",""",O
East,B-LOC
azad,I-LOC
nagar,I-LOC
""",""",O
Gali,B-LOC
no.7,I-LOC
""",""",O
Delhi=51.I,O
have,O
lodged,O
sewer,O
complaint.But,O
no,O
one,O
come,O
to,O
solve,O
problem.The,O
sewer,O
water,O
come,O
in,O
my,O
home.We,O
r,O
sufering,O
for,O
this,O
situation.Plz,O
help,O
Sentence #216,
@,O
GopalJi_Tandon,B-MISC
NAMASKAR,I-MISC
Sir,O
BIJNOR,I-MISC
MAIN,I-LOC
FIRDOUS,I-MISC
BAGH,I-LOC
QAZI,I-MISC
PARA,I-MISC
JUNUBI,I-MISC
BIJNOR,I-MISC
MAIN,I-LOC
WASIM,I-MISC
PATRKAR,I-MISC
KE,I-MISC
GHAR,I-MISC
KE,I-MISC
SAMNE,I-MISC
SE,I-MISC
MANDIR,I-LOC
WALI,I-MISC
GALI,I-MISC
NAVED,I-MISC
DelhI,B-LOC
VALEY,I-MISC
KE,I-MISC
MAKAN,I-MISC
SE,I-MISC
RIHANA,I-MISC
CAR,I-MISC
WALI,I-MISC
KE,I-MISC
MAKAN,I-MISC
TAK,I-MISC
CC,I-MISC
ROAD,I-LOC
NALI,I-MISC
NIRMAN,B-LOC
KE,I-MISC
ORDER,I-LOC
JANHIT,I-MISC
MAIN,I-LOC
REQUEST,I-MISC
BJP,I-MISC
SENIOR,I-MISC
WORKER,I-MISC
NO,I-MISC
1000980533,I-MISC
NMSTE,I-MISC
Sentence #217,
Nice,O
work,O
Sir,O
ji,O
Mai,B-LOC
south,I-LOC
DelhI,B-LOC
sangam,I-LOC
vihar,I-LOC
I,O
block,O
galI,I-LOC
no.4,O
me,O
rahta,O
hu,O
hamare,O
bor,O
par,O
kabja,O
kar,O
rakha,O
hai,O
paani,O
milta,O
nahi,O
koi,O
naya,O
connection,O
hone,O
nahi,O
dete,O
dusra,O
bor,O
wala,O
darta,O
hai,O
inse,O
khud,O
ko,O
pura,I-LOC
pani,O
mil,O
raha,O
hai,O
dard,O
ka,O
ahsaas,O
kaha,O
se,O
hoga,O
.Plz,O
help,O
Sentence #218,
@,O
DelhiJalBoard,O
@,O
ArvindKejriwal,O
@,O
msisodia,O
@,O
mcd,O
I,O
m,O
manish,O
jajoo.i,O
live,O
in,O
http,O
:,O
//delhi.My,O
address,O
180,O
""",""",O
East,B-LOC
azad,I-LOC
nagar,I-LOC
""",""",O
Gali,B-LOC
no.7,I-LOC
""",""",O
Delhi=51.I,O
hv,O
lodged,O
sewer,O
complaint.But,O
no,O
one,O
come,O
to,O
solve,O
problem.The,O
sewer,O
water,O
come,O
in,O
my,O
home.We,O
r,O
sufering,O
for,O
this,O
situation.Plz,O
help,O
Sentence #219,
@,O
DelhiJalBoard,O
@,O
ArvindKejriwal,O
@,O
msisodia,O
I,O
m,O
manish,O
jajoo.i,O
live,O
in,O
http,O
:,O
//delhi.my,O
address,O
is,O
180,O
""",""",O
East,B-LOC
azad,I-LOC
nagar,I-LOC
""",""",O
Gali,B-LOC
no.7,I-LOC
""",""",O
Delhi=51.I,O
have,O
lodged,O
sewer,O
complaint.But,O
no,O
one,O
come,O
to,O
solve,O
problem.The,O
sewer,O
water,O
come,O
in,O
my,O
home.We,O
r,O
sufering,O
for,O
this,O
situation.Plz,O
help,O
Sentence #220,
@,O
GopalJi_Tandon,B-MISC
NAMASKAR,I-MISC
Sir,O
BIJNOR,I-MISC
MAIN,I-LOC
FIRDOUS,I-MISC
BAGH,I-LOC
QAZI,I-MISC
PARA,I-MISC
JUNUBI,I-MISC
BIJNOR,I-MISC
MAIN,I-LOC
WASIM,I-MISC
PATRKAR,I-MISC
KE,I-MISC
GHAR,I-MISC
KE,I-MISC
SAMNE,I-MISC
SE,I-MISC
MANDIR,I-LOC
WALI,I-MISC
GALI,I-MISC
NAVED,I-MISC
DelhI,B-LOC
VALEY,I-MISC
KE,I-MISC
MAKAN,I-MISC
SE,I-MISC
RIHANA,I-MISC
CAR,I-MISC
WALI,I-MISC
KE,I-MISC
MAKAN,I-MISC
TAK,I-MISC
CC,I-MISC
ROAD,I-LOC
NALI,I-MISC
NIRMAN,B-LOC
KE,I-MISC
ORDER,I-LOC
JANHIT,I-MISC
MAIN,I-LOC
REQUEST,I-MISC
BJP,I-MISC
SENIOR,I-MISC
WORKER,I-MISC
NO,I-MISC
1000980533,I-MISC
NMSTE,I-MISC
Sentence #221,
Mam,O
""",""",O
thank,O
you,O
for,O
showing,O
concern,O
My,O
phone,O
no,O
-9999023196,O
Address-,B-PER
B-111,I-PER
""",""",O
Kiran,B-LOC
garden,I-LOC
""",""",O
Hanuman,B-LOC
Mandir,I-LOC
road,I-LOC
""",""",O
galI,I-LOC
no-10,O
""",""",O
Uttam,B-LOC
Nagar,I-LOC
""",""",O
New,B-LOC
DelhI,B-LOC
Sentence #222,
@,O
JioCare,O
@,O
reliancejio,O
lives,O
in,O
Laxmi,B-LOC
Nagar,I-LOC
""",""",O
D-Block,B-PER
""",""",O
Gali,B-LOC
No,O
.,O
11,I-LOC
""",""",O
Delhi,B-LOC
110092,I-LOC
..,O
There,O
is,O
no,O
network,O
of,O
Jio,B-LOC
SIM,O
here,O
..,O
mostly,O
SIM,O
goes,O
off,O
bcoz,O
of,O
week,O
network,O
..,O
Registered,O
complaint,O
many,O
times,O
but,O
still,O
no,O
solution,O
..,O
Plzz,O
fix,O
this,O
before,O
we,O
switch,O
to,O
other,O
network,O
.,O
Sentence #223,
@,O
bsesdelhi,B-TIM
2,I-TIM
2,I-TIM
:,O
Block,B-PER
-B,I-PER
""",""",O
Gali,B-LOC
no-6,I-LOC
""",""",O
shastipark,O
Near,O
jain,O
mandir,I-LOC
""",""",O
Delhi,B-LOC
-110053,I-LOC
""",""",O
SERVICE,B-MISC
CENTER,I-MISC
SEELAMPUR,B-LOC
MOB,I-MISC
:,I-MISC
-9873003898,I-MISC
CHANDRAKANT,I-MISC
DUBEY,I-MISC
Sentence #224,
Mam,O
""",""",O
thank,O
you,O
for,O
showing,O
concern,O
My,O
phone,O
no,O
-9999023196,O
Address-,B-PER
B-111,I-PER
""",""",O
Kiran,B-LOC
garden,I-LOC
""",""",O
Hanuman,B-LOC
Mandir,I-LOC
road,I-LOC
""",""",O
galI,I-LOC
no-10,O
""",""",O
Uttam,B-LOC
Nagar,I-LOC
""",""",O
New,B-LOC
DelhI,B-LOC
Sentence #225,
@,O
JioCare,O
@,O
reliancejio,O
lives,O
in,O
Laxmi,B-LOC
Nagar,I-LOC
""",""",O
D-Block,B-PER
""",""",O
Gali,B-LOC
No,O
.,O
11,I-LOC
""",""",O
Delhi,B-LOC
110092,I-LOC
..,O
There,O
is,O
no,O
network,O
of,O
Jio,B-LOC
SIM,O
here,O
..,O
mostly,O
SIM,O
goes,O
off,O
bcoz,O
of,O
week,O
network,O
..,O
Registered,O
complaint,O
many,O
times,O
but,O
still,O
no,O
solution,O
..,O
Plzz,O
fix,O
this,O
before,O
we,O
switch,O
to,O
other,O
network,O
.,O
Sentence #226,
@,O
bsesdelhi,B-TIM
2,I-TIM
2,I-TIM
:,O
Block,B-PER
-B,I-PER
""",""",O
Gali,B-LOC
no-6,I-LOC
""",""",O
shastipark,O
Near,O
jain,O
mandir,I-LOC
""",""",O
Delhi,B-LOC
-110053,I-LOC
""",""",O
SERVICE,B-MISC
CENTER,I-MISC
SEELAMPUR,B-LOC
MOB,I-MISC
:,I-MISC
-9873003898,I-MISC
CHANDRAKANT,I-MISC
DUBEY,I-MISC
Sentence #227,
We,O
Are,O
Ready,B-ORG
To,I-ORG
""",""",O
Take,B-ORG
Your,I-ORG
Order,I-LOC
For,I-ORG
""",""",I-ORG
Printing,I-ORG
Job,I-ORG
Work,I-ORG
.,O
Sentence #228,
Shivansh,B-ORG
Enterprises,I-ORG
Printing,I-ORG
Quality,I-ORG
Is,I-ORG
Matter,O
!,O
#,O
GraphicDesigning,O
""",""",O
#,O
Printing,O
""",""",O
#,O
Advertising,O
""",""",O
#,O
Branding,O
#,O
Etc,O
..,O
Mobile,O
:,O
+91,O
9999081545,O
D-369,B-ORG
""",""",O
Gali,B-LOC
No,O
.,O
13,I-LOC
""",""",O
Laxmi,B-LOC
Nagar,I-LOC
""",""",O
Delhi-110092,B-PER
Email,I-PER
:,O
shivanshenterprises.in,O
@,O
gmail.com,O
pic.twitter.com/Y9ozOyBTvK,O
Sentence #229,
On,O
August,B-TIM
30,I-TIM
""",""",O
a,O
23-year-old,O
boy,O
Sahil,B-PER
singh,O
was,O
allegedly,O
beaten,O
to,O
death,O
by,O
a,O
mob,O
in,O
Gali,B-LOC
No.5,I-LOC
""",""",O
Vijay,B-LOC
Park,I-LOC
in,O
Delhis,B-LOC
Maujpur,I-LOC
.,O
Sentence #230,
@,O
anusuya_som,O
visits,O
the,O
spot,O
where,O
the,O
incident,O
took,O
place,I-LOC
to,O
find,O
out,O
what,O
exactly,O
happened.https,O
:,O
//www.newslaundry.com/2019/09/06/newdelhi-what-happened-in-gali-no-5,O
Sentence #231,
My,O
contact,O
no,O
.,O
8527565552,O
pole,O
no,O
I,O
dont,O
know,O
.,O
Location,O
galI,I-LOC
no,O
1,I-LOC
b,O
""",""",O
block,O
Harsh,B-LOC
Vihar,I-LOC
DelhI,B-LOC
.,O
110093,O
Sentence #232,
@,O
EastDelhiMCD,O
Sentence #233,
Garbage,O
van,O
not,O
come,O
daily,O
our,O
in,O
our,O
street,O
for,O
lifting,O
litter,O
our,O
address,O
is,O
Devesh,B-ORG
Aggarwal,I-ORG
4650/15,O
Gali,B-LOC
No.8,I-ORG
New,B-LOC
Modern,I-ORG
Shahdara,B-LOC
DelhI,B-LOC
110032,O
Sentence #234,
@,O
ArvindKejriwal,O
Hello,O
Sir,O
I,O
m,O
ashok,B-LOC
kumar,O
from,O
Ashok,B-LOC
nagar,I-LOC
galI,I-LOC
No,O
20,O
Ashok,B-LOC
nagar,I-LOC
shahdara,B-LOC
delhi-110093,O
""",""",O
Sir,O
galI,I-LOC
no,O
.,O
20,O
repair,O
for,O
last,O
45,B-TIM
days,O
.,O
So,O
we,O
are,O
suffer,O
lots,O
of,O
problems,O
.,O
Sir,O
please,O
look,O
into,O
the,O
letter,O
ASAP,O
.,O
pic.twitter.com/kCYummjqRe,O
at,O
Ashok,B-LOC
Nagar,I-LOC
Sentence #235,
@,O
RailMinIndia,O
Hello,O
Sir,O
me,O
New,B-LOC
DelhI,B-LOC
to,O
Silchar,B-LOC
train,O
no,O
(,O
15602,O
),O
train,O
me,O
travel,O
Kar,O
rha,O
hu,O
meri,O
Seat,O
RAC,O
he,O
Mene,O
t.t.e,O
Se,O
seat,O
confirm,O
ki,O
request,O
ki,O
to,O
usni,O
mujhe,O
Gali,B-GPE
galoj,O
Kiya,B-LOC
or,O
Marne,O
ki,O
dhamki,O
di,O
Mera,O
pnr,O
no,O
.,O
2748005009,O
Sentence #236,
The,O
correct,O
address,O
is-,O
house,I-LOC
no,O
.,O
94,O
""",""",O
DHOOM,B-ORG
singh,O
Marg,I-LOC
""",""",O
prem,B-LOC
nagar,I-LOC
""",""",O
karawal,B-LOC
nagar,I-LOC
""",""",O
Delhi110094,B-LOC
.,O
And,O
employee,O
mention,O
wrong,O
address,O
Gali,B-LOC
number,O
4,O
""",""",O
prem,B-LOC
nagar,I-LOC
""",""",O
karawal,B-LOC
nagar,I-LOC
""",""",O
delhi-110094,O
Sentence #237,
@,O
bsesDelhI,O
There,O
are,O
no,O
power,O
at,O
A,O
block,O
part-6,O
""",""",O
Gali,B-LOC
No.17,I-LOC
""",""",O
Sonia,B-LOC
Vihar,I-LOC
DelhI,B-LOC
C.A,I-LOC
.,O
No,O
101339600,O
Sentence #238,
@,O
IndiaPostOffice,O
@,O
cpmgDelhI,B-LOC
complain,O
2nd,O
time,O
parcel,O
CM569812563IN,O
shows,O
delivered,O
but,O
not,O
received,O
by,O
person,O
plz,O
share,O
pod,O
slip,O
asap,O
Aadya,O
/993,O
""",""",O
galI,I-LOC
no,O
5,O
chand,O
mohalla,O
.,O
Gandhi,B-LOC
nagar,I-LOC
DelhI,B-LOC
NEW,I-LOC
DelhI,B-LOC
""",""",O
DELHI,B-LOC
110031,I-LOC
Sentence #239,
07,O
19,O
-,O
8:00,O
-,O
Gali,B-LOC
No,O
.,O
5,O
Pyare,B-PER
Kapahi,I-PER
Marg,I-LOC
""",""",O
Majlis,B-LOC
Park,I-LOC
""",""",O
Delhi,B-LOC
-,O
33,O
Sentence #240,
``,O
``,O
pic.twitter.com/h76dK52ypp,O
Sentence #241,
We,O
Are,O
Ready,B-ORG
To,I-ORG
""",""",O
Take,B-ORG
Your,I-ORG
Order,I-LOC
For,I-ORG
""",""",I-ORG
Printing,I-ORG
Job,I-ORG
Work,I-ORG
.,O
Sentence #242,
Shivansh,B-ORG
Enterprises,I-ORG
Printing,I-ORG
Quality,I-ORG
Is,I-ORG
Matter,O
!,O
#,O
GraphicDesigning,O
""",""",O
#,O
Printing,O
""",""",O
#,O
Advertising,O
""",""",O
#,O
Branding,O
#,O
Etc,O
..,O
Mobile,O
:,O
+91,O
9999081545,O
D-369,B-ORG
""",""",O
Gali,B-LOC
No,O
.,O
13,I-LOC
""",""",O
Laxmi,B-LOC
Nagar,I-LOC
""",""",O
Delhi-110092,B-PER
Email,I-PER
:,O
shivanshenterprises.in,O
@,O
gmail.com,O
pic.twitter.com/Y9ozOyBTvK,O
Sentence #243,
On,O
August,B-TIM
30,I-TIM
""",""",O
a,O
23-year-old,O
boy,O
Sahil,B-PER
singh,O
was,O
allegedly,O
beaten,O
to,O
death,O
by,O
a,O
mob,O
in,O
Gali,B-LOC
No.5,I-LOC
""",""",O
Vijay,B-LOC
Park,I-LOC
in,O
Delhis,B-LOC
Maujpur,I-LOC
.,O
Sentence #244,
@,O
anusuya_som,O
visits,O
the,O
spot,O
where,O
the,O
incident,O
took,O
place,I-LOC
to,O
find,O
out,O
what,O
exactly,O
happened.https,O
:,O
//www.newslaundry.com/2019/09/06/newdelhi-what-happened-in-gali-no-5,O
Sentence #245,
My,O
contact,O
no,O
.,O
8527565552,O
pole,O
no,O
I,O
dont,O
know,O
.,O
Location,O
galI,I-LOC
no,O
1,I-LOC
b,O
""",""",O
block,O
Harsh,B-LOC
Vihar,I-LOC
DelhI,B-LOC
.,O
110093,O
Sentence #246,
@,O
EastDelhiMCD,O
Sentence #247,
Garbage,O
van,O
not,O
come,O
daily,O
our,O
in,O
our,O
street,O
for,O
lifting,O
litter,O
our,O
address,O
is,O
Devesh,B-ORG
Aggarwal,I-ORG
4650/15,O
Gali,B-LOC
No.8,I-ORG
New,B-LOC
Modern,I-ORG
Shahdara,B-LOC
DelhI,B-LOC
110032,O
Sentence #248,
@,O
ArvindKejriwal,O
Hello,O
Sir,O
I,O
m,O
ashok,B-LOC
kumar,O
from,O
Ashok,B-LOC
nagar,I-LOC
galI,I-LOC
No,O
20,O
Ashok,B-LOC
nagar,I-LOC
shahdara,B-LOC
delhi-110093,O
""",""",O
Sir,O
galI,I-LOC
no,O
.,O
20,O
repair,O
for,O
last,O
45,B-TIM
days,O
.,O
So,O
we,O
are,O
suffer,O
lots,O
of,O
problems,O
.,O
Sir,O
please,O
look,O
into,O
the,O
letter,O
ASAP,O
.,O
pic.twitter.com/kCYummjqRe,O
at,O
Ashok,B-LOC
Nagar,I-LOC
Sentence #249,
@,O
RailMinIndia,O
Hello,O
Sir,O
me,O
New,B-LOC
DelhI,B-LOC
to,O
Silchar,B-LOC
train,O
no,O
(,O
15602,O
),O
train,O
me,O
travel,O
Kar,O
rha,O
hu,O
meri,O
Seat,O
RAC,O
he,O
Mene,O
t.t.e,O
Se,O
seat,O
confirm,O
ki,O
request,O
ki,O
to,O
usni,O
mujhe,O
Gali,B-GPE
galoj,O
Kiya,B-LOC
or,O
Marne,O
ki,O
dhamki,O
di,O
Mera,O
pnr,O
no,O
.,O
2748005009,O
Sentence #250,
The,O
correct,O
address,O
is-,O
house,I-LOC
no,O
.,O
94,O
""",""",O
DHOOM,B-ORG
singh,O
Marg,I-LOC
""",""",O
prem,B-LOC
nagar,I-LOC
""",""",O
karawal,B-LOC
nagar,I-LOC
""",""",O
Delhi110094,B-LOC
.,O
And,O
employee,O
mention,O
wrong,O
address,O
Gali,B-LOC
number,O
4,O
""",""",O
prem,B-LOC
nagar,I-LOC
""",""",O
karawal,B-LOC
nagar,I-LOC
""",""",O
delhi-110094,O
Sentence #251,
@,O
bsesDelhI,O
There,O
are,O
no,O
power,O
at,O
A,O
block,O
part-6,O
""",""",O
Gali,B-LOC
No.17,I-LOC
""",""",O
Sonia,B-LOC
Vihar,I-LOC
DelhI,B-LOC
C.A,I-LOC
.,O
No,O
101339600,O
Sentence #252,
@,O
IndiaPostOffice,O
@,O
cpmgDelhI,B-LOC
complain,O
2nd,O
time,O
parcel,O
CM569812563IN,O
shows,O
delivered,O
but,O
not,O
received,O
by,O
person,O
plz,O
share,O
pod,O
slip,O
asap,O
Aadya,O
/993,O
""",""",O
galI,I-LOC
no,O
5,O
chand,O
mohalla,O
.,O
Gandhi,B-LOC
nagar,I-LOC
DelhI,B-LOC
NEW,I-LOC
DelhI,B-LOC
""",""",O
DELHI,B-LOC
110031,I-LOC
Sentence #253,
07,O
19,O
-,O
8:00,O
-,O
Gali,B-LOC
No,O
.,O
5,O
Pyare,B-PER
Kapahi,I-PER
Marg,I-LOC
""",""",O
Majlis,B-LOC
Park,I-LOC
""",""",O
Delhi,B-LOC
-,O
33,O
Sentence #254,
``,O
``,O
pic.twitter.com/h76dK52ypp,O
Sentence #255,
MY,B-MISC
JIO,I-MISC
NOS,I-MISC
.,O
7678115061,O
&,O
7678185819,O
.,O
SIGNALS,B-MISC
NOT,I-MISC
COMING,I-MISC
INSIDE,I-MISC
MY,I-MISC
HOUSE,I-LOC
NO,I-MISC
.,O
7,O
""",""",O
GALI,B-MISC
NO,I-MISC
5,I-MISC
MOHAN,B-LOC
PARK,I-LOC
""",""",I-MISC
WEST,I-LOC
GURU,B-LOC
ANGAD,I-MISC
NAGAR,I-LOC
DELHI-110092,I-MISC
J.P.,I-MISC
SHARMA,I-LOC
Sentence #256,
@,O
SatyendarJain,B-MISC
14TH,I-MISC
REMINDER,I-MISC
NO,I-MISC
ACTION,I-MISC
&,I-MISC
NO,I-MISC
REPLY,I-MISC
YOUR,I-MISC
SIDE,I-MISC
?,O
Sentence #257,
LOW,B-MISC
VOLTAGE,I-MISC
PROBLEM,I-MISC
LAST,I-MISC
4,I-MISC
MONTH,I-MISC
IN,I-MISC
MAHAVEER,I-MISC
ENCLAVE,I-LOC
GALI,I-MISC
NO-1,I-MISC
D,I-MISC
""",""",I-MISC
PALAM,B-LOC
NEW,B-LOC
DELHI-110045,I-MISC
Sentence #258,
CA,O
NO-103409954,O
Sentence #259,
R,B-LOC
block,I-LOC
galI,I-LOC
no,O
6,O
saurabh,O
vihar,I-LOC
badarpur,B-LOC
new,I-LOC
DelhI,B-LOC
110044,O
...,O
pls,O
do,O
needful,O
on,O
urgent,O
basiis,O
https,O
:,O
//twitter.com/kum25287484/status/1170374157395255297,O
Sentence #260,
R,B-LOC
block,I-LOC
galI,I-LOC
no,O
6,O
saurabh,B-LOC
vihar,I-LOC
new,I-LOC
DelhI,B-LOC
110044,O
https,O
:,O
//twitter.com/kum25287484/status/1170372869962043393,O
Sentence #261,
Thanks,O
for,O
the,O
quick,O
turnaround,O
my,O
contact,O
details,O
is,O
9717400321,O
and,O
alternate,O
no,O
8802724351,O
address,O
is,O
A-31/137B,B-LOC
PurI,O
galI,I-LOC
no,O
.,O
3,O
Gurudwara,B-LOC
Mohalla,I-LOC
Maujpur,I-LOC
Delhi-53,I-LOC
.,O
Sentence #262,
MY,B-MISC
JIO,I-MISC
NOS,I-MISC
.,O
7678115061,O
&,O
7678185819,O
.,O
SIGNALS,B-MISC
NOT,I-MISC
COMING,I-MISC
INSIDE,I-MISC
MY,I-MISC
HOUSE,I-LOC
NO,I-MISC
.,O
7,O
""",""",O
GALI,B-MISC
NO,I-MISC
5,I-MISC
MOHAN,B-LOC
PARK,I-LOC
""",""",I-MISC
WEST,I-LOC
GURU,B-LOC
ANGAD,I-MISC
NAGAR,I-LOC
DELHI-110092,I-MISC
J.P.,I-MISC
SHARMA,I-LOC
Sentence #263,
@,O
SatyendarJain,B-MISC
14TH,I-MISC
REMINDER,I-MISC
NO,I-MISC
ACTION,I-MISC
&,I-MISC
NO,I-MISC
REPLY,I-MISC
YOUR,I-MISC
SIDE,I-MISC
?,O
Sentence #264,
LOW,B-MISC
VOLTAGE,I-MISC
PROBLEM,I-MISC
LAST,I-MISC
4,I-MISC
MONTH,I-MISC
IN,I-MISC
MAHAVEER,I-MISC
ENCLAVE,I-LOC
GALI,I-MISC
NO-1,I-MISC
D,I-MISC
""",""",I-MISC
PALAM,B-LOC
NEW,B-LOC
DELHI-110045,I-MISC
Sentence #265,
CA,O
NO-103409954,O
Sentence #266,
R,B-LOC
block,I-LOC
galI,I-LOC
no,O
6,O
saurabh,O
vihar,I-LOC
badarpur,B-LOC
new,I-LOC
DelhI,B-LOC
110044,O
...,O
pls,O
do,O
needful,O
on,O
urgent,O
basiis,O
https,O
:,O
//twitter.com/kum25287484/status/1170374157395255297,O
Sentence #267,
R,B-LOC
block,I-LOC
galI,I-LOC
no,O
6,O
saurabh,B-LOC
vihar,I-LOC
new,I-LOC
DelhI,B-LOC
110044,O
https,O
:,O
//twitter.com/kum25287484/status/1170372869962043393,O
Sentence #268,
Thanks,O
for,O
the,O
quick,O
turnaround,O
my,O
contact,O
details,O
is,O
9717400321,O
and,O
alternate,O
no,O
8802724351,O
address,O
is,O
A-31/137B,B-LOC
PurI,O
galI,I-LOC
no,O
.,O
3,O
Gurudwara,B-LOC
Mohalla,I-LOC
Maujpur,I-LOC
Delhi-53,I-LOC
.,O
Sentence #269,
@,O
ArvindKejriwal,O
@,O
GautamGambhir,O
@,O
msisodia,O
@,O
PMOIndia,O
@,O
narendramodi,O
@,O
rajnathsingh,O
@,O
AmitShah,O
@,O
drharshvardhan,O
@,O
pwdDelhI,B-LOC
@,O
DelhiJalBoard,O
.galI,I-LOC
no,O
.,O
1,I-LOC
""",""",O
west,I-LOC
chander,B-LOC
nagar,I-LOC
""",""",O
Delhi-51,O
ye,O
pani,O
ki,O
position,O
h.,O
Pine,O
layak,O
to,O
bahut,O
dur,O
ki,O
baat,O
h,O
ye,O
pani,O
hath,O
dhone,O
layak,O
bhi,O
nhi,O
.,O
pic.twitter.com/9ErvA3odkh,O
Sentence #270,
@,O
AmitShah,B-ORG
Namaste,I-ORG
Mr,I-ORG
amit,O
shah,I-LOC
Sir,O
Home,O
Minister,O
of,O
Bharat,B-ORG
Sir,O
meri,O
ek,O
frnd,O
hai,O
jyoti,O
jo,O
B,O
90,O
ram,I-LOC
marg,I-LOC
galI,I-LOC
no.1,O
mandawali,B-LOC
fazalpur,B-LOC
DelhI,B-LOC
110092,I-LOC
sadbhawna,O
apartment,O
ke,O
piche,O
Rahte,O
hain,O
ek,O
shusheel,O
chaudhary,O
name,O
ka,O
property,O
dealer,O
isne,O
meri,O
friend,O
ke,O
makaan,O
par,O
kabza,O
kar,O
liya,O
Sentence #271,
@,O
narendramodi,B-PER
Meri,I-PER
aap,O
se,O
vinamr,O
prarthana,O
hai,O
plz,O
meri,O
frnd,O
ki,O
help,O
kar,O
dijiye,O
Sir,O
Address,O
B,O
90,O
ram,I-LOC
marg,I-LOC
galI,I-LOC
no.1,O
mandawali,B-LOC
fazalpur,B-LOC
DelhI,B-LOC
92,O
sadbhawna,O
apartment,O
ke,O
piche,O
Sentence #272,
A,O
block,O
galI,I-LOC
no,O
2,O
shukra,O
Bazar,B-LOC
hind,I-LOC
vihar,I-LOC
prem,I-LOC
nagar,I-LOC
3,O
kirari,O
suleman,O
nagar,B-LOC
DelhI,B-LOC
110086,O
call,O
8826939294,O
https,O
:,O
//twitter.com/RAHUL07822/status/1163036807522484225,O
Sentence #273,
Hi,O
""",""",O
I,O
am,O
facing,O
this,O
problem,O
last,O
3,B-TIM
to,I-TIM
4,I-TIM
months,O
after,O
changed,O
my,O
operator,O
first,O
we,O
have,O
with,O
Vodafone,O
.,O
My,O
Airtel,O
No,O
.,O
9711165258,O
Alternate,O
No,O
.,O
9891686734,O
Location,O
-,O
K-49/C,B-ORG
""",""",O
Gali,B-LOC
No,O
.,O
6/B,B-ORG
""",""",O
Mahipalpur,B-PER
Extn,I-PER
.,O
New,B-LOC
DelhI,B-LOC
Nr,I-ORG
.,O
Maruti,B-ORG
Service,I-ORG
centre,I-LOC
.,O
Sentence #274,
Manish,O
kumar,O
Sentence #275,
A32,B-ORG
""",""",I-ORG
B2,I-ORG
Sentence #276,
Achrya,B-LOC
niketan,I-LOC
""",""",O
Gali,B-LOC
no,O
:,O
-3,O
""",""",O
Mayur,B-LOC
vihar-1,O
Sentence #277,
New,B-LOC
DelhI,B-LOC
DelhI,B-LOC
-,I-LOC
110091,O
Sentence #278,
Phone,O
number,O
:,O
9871696800,O
""",""",O
7979077416,O
Sentence #279,
@,O
ArvindKejriwal,O
@,O
GautamGambhir,O
@,O
msisodia,O
@,O
PMOIndia,O
@,O
narendramodi,O
@,O
rajnathsingh,O
@,O
AmitShah,O
@,O
drharshvardhan,O
@,O
pwdDelhI,B-LOC
@,O
DelhiJalBoard,O
.galI,I-LOC
no,O
.,O
1,I-LOC
""",""",O
west,I-LOC
chander,B-LOC
nagar,I-LOC
""",""",O
Delhi-51,O
ye,O
pani,O
ki,O
position,O
h.,O
Pine,O
layak,O
to,O
bahut,O
dur,O
ki,O
baat,O
h,O
ye,O
pani,O
hath,O
dhone,O
layak,O
bhi,O
nhi,O
.,O
pic.twitter.com/9ErvA3odkh,O
Sentence #280,
@,O
AmitShah,B-ORG
Namaste,I-ORG
Mr,I-ORG
amit,O
shah,I-LOC
Sir,O
Home,O
Minister,O
of,O
Bharat,B-ORG
Sir,O
meri,O
ek,O
frnd,O
hai,O
jyoti,O
jo,O
B,O
90,O
ram,I-LOC
marg,I-LOC
galI,I-LOC
no.1,O
mandawali,B-LOC
fazalpur,B-LOC
DelhI,B-LOC
110092,I-LOC
sadbhawna,O
apartment,O
ke,O
piche,O
Rahte,O
hain,O
ek,O
shusheel,O
chaudhary,O
name,O
ka,O
property,O
dealer,O
isne,O
meri,O
friend,O
ke,O
makaan,O
par,O
kabza,O
kar,O
liya,O
Sentence #281,
@,O
narendramodi,B-PER
Meri,I-PER
aap,O
se,O
vinamr,O
prarthana,O
hai,O
plz,O
meri,O
frnd,O
ki,O
help,O
kar,O
dijiye,O
Sir,O
Address,O
B,O
90,O
ram,I-LOC
marg,I-LOC
galI,I-LOC
no.1,O
mandawali,B-LOC
fazalpur,B-LOC
DelhI,B-LOC
92,O
sadbhawna,O
apartment,O
ke,O
piche,O
Sentence #282,
A,O
block,O
galI,I-LOC
no,O
2,O
shukra,O
Bazar,B-LOC
hind,I-LOC
vihar,I-LOC
prem,I-LOC
nagar,I-LOC
3,O
kirari,O
suleman,O
nagar,B-LOC
DelhI,B-LOC
110086,O
call,O
8826939294,O
https,O
:,O
//twitter.com/RAHUL07822/status/1163036807522484225,O
Sentence #283,
Hi,O
""",""",O
I,O
am,O
facing,O
this,O
problem,O
last,O
3,B-TIM
to,I-TIM
4,I-TIM
months,O
after,O
changed,O
my,O
operator,O
first,O
we,O
have,O
with,O
Vodafone,O
.,O
My,O
Airtel,O
No,O
.,O
9711165258,O
Alternate,O
No,O
.,O
9891686734,O
Location,O
-,O
K-49/C,B-ORG
""",""",O
Gali,B-LOC
No,O
.,O
6/B,B-ORG
""",""",O
Mahipalpur,B-PER
Extn,I-PER
.,O
New,B-LOC
DelhI,B-LOC
Nr,I-ORG
.,O
Maruti,B-ORG
Service,I-ORG
centre,I-LOC
.,O
Sentence #284,
Manish,O
kumar,O
Sentence #285,
A32,B-ORG
""",""",I-ORG
B2,I-ORG
Sentence #286,
Achrya,B-LOC
niketan,I-LOC
""",""",O
Gali,B-LOC
no,O
:,O
-3,O
""",""",O
Mayur,B-LOC
vihar-1,O
Sentence #287,
New,B-LOC
DelhI,B-LOC
DelhI,B-LOC
-,I-LOC
110091,O
Sentence #288,
Phone,O
number,O
:,O
9871696800,O
""",""",O
7979077416,O
Sentence #289,
@,O
GautamGambhir,O
After,O
a,O
long,O
disappointment,O
""",""",O
I,O
am,O
writing,O
to,O
you,O
in,O
hope,O
that,O
you,O
will,O
respond,O
quickly,O
I,O
am,O
living,O
in,O
Gali,B-LOC
no,I-LOC
1,I-LOC
Raghubar,B-LOC
Pura,I-LOC
no,O
2,O
Gandhi,B-LOC
nagar,I-LOC
DelhI,B-LOC
110031,I-LOC
is,O
totally,O
broken,O
last,O
4,B-TIM
months,O
Gali,B-GPE
broken,O
by,O
EDMC,B-MISC
OR,I-MISC
DelhI,B-LOC
JAL,I-MISC
BORD,I-MISC
Workers,I-MISC
.,O
Sentence #290,
@,O
bajpai_anil,O
After,O
a,O
long,O
disappointment,O
""",""",O
I,O
am,O
writing,O
to,O
you,O
in,O
hope,O
that,O
you,O
will,O
respond,O
quickly,O
I,O
am,O
living,O
in,O
Gali,B-LOC
no,I-LOC
1,I-LOC
Raghubar,B-LOC
Pura,I-LOC
no,O
2,O
Gandhi,B-LOC
nagar,I-LOC
DelhI,B-LOC
110031,I-LOC
is,O
totally,O
broken,O
last,O
4,B-TIM
months,O
Gali,B-GPE
broken,O
by,O
EDMC,B-MISC
OR,I-MISC
DelhI,B-LOC
JAL,I-MISC
BORD,I-MISC
Workers,I-MISC
.,O
Sentence #291,
@,O
GautamGambhir,O
After,O
a,O
long,O
disappointment,O
""",""",O
I,O
am,O
writing,O
to,O
you,O
in,O
hope,O
that,O
you,O
will,O
respond,O
quickly,O
I,O
am,O
living,O
in,O
Gali,B-LOC
no,I-LOC
1,I-LOC
Raghubar,B-LOC
Pura,I-LOC
no,O
2,O
Gandhi,B-LOC
nagar,I-LOC
DelhI,B-LOC
110031,I-LOC
is,O
totally,O
broken,O
last,O
4,B-TIM
months,O
Gali,B-GPE
broken,O
by,O
EDMC,B-MISC
OR,I-MISC
DelhI,B-LOC
JAL,I-MISC
BORD,I-MISC
Workers,I-MISC
.,O
Sentence #292,
T-SHIRT,B-MISC
IS,I-MISC
LIKE,I-MISC
A,I-MISC
BLANK,I-MISC
CANVAS,I-MISC
""",""",I-MISC
YOU,I-MISC
CAN,I-MISC
PRINT,I-MISC
ANYTHING,I-MISC
ON,I-MISC
IT,I-MISC
Sentence #293,
Shivansh,B-ORG
Enterprises,I-ORG
(,O
Printing,B-ORG
Quality,I-ORG
Is,I-ORG
Matter,O
!,O
),O
D-369,B-ORG
""",""",O
Gali,B-LOC
No,O
.,O
13,I-LOC
""",""",O
Laxmi,B-LOC
Nagar,I-LOC
""",""",O
Delhi-110092,B-ORG
Mobile,I-ORG
:,O
+91,O
9999081545,O
Email,O
:,O
shivanshenterprises.in,O
@,O
gmail.com,O
Graphic,B-PER
Designing,I-PER
""",""",O
Printing,O
""",""",O
Advertising,O
""",""",O
Branding,O
pic.twitter.com/TMIXiXauYJ,O
Sentence #294,
@,O
msisodia,O
Good,B-PER
Morning,I-PER
Sir,O
""",""",O
Sentence #295,
Few,O
days,O
back,O
my,O
Activa,B-PER
Scooty,I-PER
got,O
stolen,O
from,O
my,O
residence,O
Address,O
``,O
F-46/2,B-ORG
Gali,I-ORG
No1,O
Janta,B-LOC
Garden,I-LOC
Pandav,I-LOC
Nagar,I-LOC
DelhI,B-LOC
110091,O
'',O
on,O
12th,B-TIM
Aug'19,I-TIM
.,O
I,O
filled,O
an,O
FIR,B-ORG
in,O
Pandav,B-LOC
Nagar,I-LOC
Police,I-LOC
Station,I-LOC
but,O
No,O
one,O
(,O
SHO,B-ORG
""",""",O
DCP,B-ORG
Jasmeet,B-PER
singh,O
),O
is,O
looking,O
for,O
my,O
problem,O
pic.twitter.com/uLlmyEZy5t,O
Sentence #296,
ABBAL,B-MISC
singh,O
NEGI,I-MISC
30B,I-MISC
GALI,I-MISC
NO,I-MISC
81F,I-MISC
BLOCK,I-MISC
MAHAVIR,I-MISC
ENVIABLE,I-MISC
III,I-MISC
NEW,B-LOC
DelhI,B-LOC
110059,I-LOC
Sentence #297,
Mob,O
no,O
7217654982,O
Email,O
negiabbalsingh1963,O
@,O
gmail.com,O
Sentence #298,
@,O
GautamGambhir,O
After,O
a,O
long,O
disappointment,O
""",""",O
I,O
am,O
writing,O
to,O
you,O
in,O
hope,O
that,O
you,O
will,O
respond,O
quickly,O
I,O
am,O
living,O
in,O
Gali,B-LOC
no,I-LOC
1,I-LOC
Raghubar,B-LOC
Pura,I-LOC
no,O
2,O
Gandhi,B-LOC
nagar,I-LOC
DelhI,B-LOC
110031,I-LOC
is,O
totally,O
broken,O
last,O
4,B-TIM
months,O
Gali,B-GPE
broken,O
by,O
EDMC,B-MISC
OR,I-MISC
DelhI,B-LOC
JAL,I-MISC
BORD,I-MISC
Workers,I-MISC
.,O
Sentence #299,
@,O
bajpai_anil,O
After,O
a,O
long,O
disappointment,O
""",""",O
I,O
am,O
writing,O
to,O
you,O
in,O
hope,O
that,O
you,O
will,O
respond,O
quickly,O
I,O
am,O
living,O
in,O
Gali,B-LOC
no,I-LOC
1,I-LOC
Raghubar,B-LOC
Pura,I-LOC
no,O
2,O
Gandhi,B-LOC
nagar,I-LOC
DelhI,B-LOC
110031,I-LOC
is,O
totally,O
broken,O
last,O
4,B-TIM
months,O
Gali,B-GPE
broken,O
by,O
EDMC,B-MISC
OR,I-MISC
DelhI,B-LOC
JAL,I-MISC
BORD,I-MISC
Workers,I-MISC
.,O
Sentence #300,
@,O
GautamGambhir,O
After,O
a,O
long,O
disappointment,O
""",""",O
I,O
am,O
writing,O
to,O
you,O
in,O
hope,O
that,O
you,O
will,O
respond,O
quickly,O
I,O
am,O
living,O
in,O
Gali,B-LOC
no,I-LOC
1,I-LOC
Raghubar,B-LOC
Pura,I-LOC
no,O
2,O
Gandhi,B-LOC
nagar,I-LOC
DelhI,B-LOC
110031,I-LOC
is,O
totally,O
broken,O
last,O
4,B-TIM
months,O
Gali,B-GPE
broken,O
by,O
EDMC,B-MISC
OR,I-MISC
DelhI,B-LOC
JAL,I-MISC
BORD,I-MISC
Workers,I-MISC
.,O
Sentence #301,
T-SHIRT,B-MISC
IS,I-MISC
LIKE,I-MISC
A,I-MISC
BLANK,I-MISC
CANVAS,I-MISC
""",""",I-MISC
YOU,I-MISC
CAN,I-MISC
PRINT,I-MISC
ANYTHING,I-MISC
ON,I-MISC
IT,I-MISC
Sentence #302,
Shivansh,B-ORG
Enterprises,I-ORG
(,O
Printing,B-ORG
Quality,I-ORG
Is,I-ORG
Matter,O
!,O
),O
D-369,B-ORG
""",""",O
Gali,B-LOC
No,O
.,O
13,I-LOC
""",""",O
Laxmi,B-LOC
Nagar,I-LOC
""",""",O
Delhi-110092,B-ORG
Mobile,I-ORG
:,O
+91,O
9999081545,O
Email,O
:,O
shivanshenterprises.in,O
@,O
gmail.com,O
Graphic,B-PER
Designing,I-PER
""",""",O
Printing,O
""",""",O
Advertising,O
""",""",O
Branding,O
pic.twitter.com/TMIXiXauYJ,O
Sentence #303,
@,O
msisodia,O
Good,B-PER
Morning,I-PER
Sir,O
""",""",O
Sentence #304,
Few,O
days,O
back,O
my,O
Activa,B-PER
Scooty,I-PER
got,O
stolen,O
from,O
my,O
residence,O
Address,O
``,O
F-46/2,B-ORG
Gali,I-ORG
No1,O
Janta,B-LOC
Garden,I-LOC
Pandav,I-LOC
Nagar,I-LOC
DelhI,B-LOC
110091,O
'',O
on,O
12th,B-TIM
Aug'19,I-TIM
.,O
I,O
filled,O
an,O
FIR,B-ORG
in,O
Pandav,B-LOC
Nagar,I-LOC
Police,I-LOC
Station,I-LOC
but,O
No,O
one,O
(,O
SHO,B-ORG
""",""",O
DCP,B-ORG
Jasmeet,B-PER
singh,O
),O
is,O
looking,O
for,O
my,O
problem,O
pic.twitter.com/uLlmyEZy5t,O
Sentence #305,
ABBAL,B-MISC
singh,O
NEGI,I-MISC
30B,I-MISC
GALI,I-MISC
NO,I-MISC
81F,I-MISC
BLOCK,I-MISC
MAHAVIR,I-MISC
ENVIABLE,I-MISC
III,I-MISC
NEW,B-LOC
DelhI,B-LOC
110059,I-LOC
Sentence #306,
Mob,O
no,O
7217654982,O
Email,O
negiabbalsingh1963,O
@,O
gmail.com,O